Number,Region,Volcano Name,Latitude (volcano!db),Longitude (volcano!db)
1900-081,Antarctica,Montagu Island,-58.417,-26.333
1900-041,Antarctica,Paulet,-63.58,-55.77
1900-031,Antarctica,Penguin Island,-62.1,-57.93
1900-029,Antarctica,Peter I Island,-68.85,-90.58
1900-028,Antarctica,Hudson Mountains,-74.33,-99.42
1900-027,Antarctica,Takahe,-76.28,-112.08
1900-026,Antarctica,Toney Mountain,-75.8,-115.83
1900-025,Antarctica,Siple,-73.43,-126.67
1900-024,Antarctica,Waesche,-77.17,-126.88
1900-023,Antarctica,Andrus,-75.8,-132.33
1900-022,Antarctica,Berlin,-76.05,-136
1900-021,Antarctica,Royal Society Range,-78.25,163.6
1900-020,Antarctica,"Morning, Mt.",-78.5,163.533
1900-016,Antarctica,Unnamed,-76.83,163
1900-015,Antarctica,Melbourne,-74.35,164.7
1900-014,Antarctica,Unnamed,-73.45,164.58
1900-013,Antarctica,"Pleiades, The",-72.67,165.5
1900-012,Antarctica,Sturge Island,-67.4,164.83
1900-011,Antarctica,Young Island,-66.42,162.45
1900-14-,Antarctica,Protector Shoal,-55.92,-28.08
1900-13=,Antarctica,Zavodovski,-56.3,-27.57
1900-12=,Antarctica,Leskov Island,-56.67,-28.13
1900-11=,Antarctica,Hodson,-56.7,-27.15
1900-10=,Antarctica,Candlemas Island,-57.08,-26.67
1900-09=,Antarctica,Michael,-57.78,-26.45
1900-08=,Antarctica,Bristol Island,-59.03,-26.58
1900-07=,Antarctica,Thule Islands,-59.45,-27.37
1900-06=,Antarctica,Lindenberg Island,-65.03,-60.05
1900-05=,Antarctica,Seal Nunataks Group,-65.03,-60.05
1900-04=,Antarctica,Bridgeman Island,-62.05,-56.75
1900-03=,Antarctica,Deception Island,-62.97,-60.65
1900-02=,Antarctica,Erebus,-77.53,167.17
1900-01=,Antarctica,Buckle Island,-66.8,163.25
1806-011,Atlantic-S,Nightingale Island,-37.417,-12.483
1806-03-,Atlantic-S,Thompson Island,-53.93,5.5
1806-02-,Atlantic-S,Bouvet,-54.42,3.35
1806-01=,Atlantic-S,Tristan da Cunha,-37.092,-12.28
1805-051,Atlantic-S,Trindade,-20.514,-29.331
1805-05-,Atlantic-S,Ascension,-7.95,-14.37
1805-04=,Atlantic-C,Unnamed,-3.5,-24.5
1805-03=,Atlantic-C,Unnamed,-0.58,-15.83
1805-02=,Atlantic-C,Unnamed,4.2,-21.45
1805-01=,Atlantic-C,Unnamed,7,-21.83
1804-03-,Cape Verde Is,Santo Antao,17.07,-25.17
1804-02-,Cape Verde Is,Brava,14.85,-24.72
1804-01=,Cape Verde Is,Fogo,14.95,-24.35
1803-06-,Canary Is,Lanzarote,29.03,-13.63
1803-05-,Canary Is,Fuerteventura,28.358,-14.02
1803-04-,Canary Is,Gran Canaria,28,-15.58
1803-03-,Canary Is,Tenerife,28.271,-16.641
1803-02-,Canary Is,Hierro,27.73,-18.03
1803-01-,Canary Is,La Palma,28.58,-17.83
1802-081,Azores,Unnamed,37.78,-25.67
1802-002,Azores,Corvo,39.67,-31.07
1802-001,Azores,Flores,39.4,-31.17
1802-12-,Azores,Madeira,32.733,-16.967
1802-11=,Azores,Monaco Bank,37.6,-25.88
1802-10=,Azores,Furnas,37.77,-25.32
1802-09=,Azores,Agua de Pau,37.77,-25.47
1802-08=,Azores,Sete Cidades,37.87,-25.78
1802-07=,Azores,Don Joao de Castro Bank,38.23,-26.63
1802-05=,Azores,Terceira,38.73,-27.32
1802-04=,Azores,Graciosa,39.02,-27.97
1802-03=,Azores,San Jorge,38.65,-28.08
1802-02=,Azores,Pico,38.47,-28.4
1802-01=,Azores,Fayal,38.6,-28.73
1801-04=,Atlantic-N,Unnamed,38.75,-38.08
1801-03=,Atlantic-N,Unnamed,39.95,-25.83
1801-02=,Atlantic-N,Unnamed,49,-34.5
1801-01=,Atlantic-N,Unnamed,66,-27.75
1707-02-,Arctic Ocean,Unnamed,85.583,85
1707-01-,Arctic Ocean,Unnamed,88.27,-65.6
1706-01=,Atlantic-N-Jan Mayen,Jan Mayen,71.08,-8.17
1705-01=,Iceland-N of,Kolbeinsey Ridge,66.67,-18.5
1704-02=,Iceland-SE,Esjufjoll,64.27,-16.65
1704-01=,Iceland-SE,Oraefajokull,64,-16.65
1703-15-,Iceland-N,Manareyjar,66.3,-17.1
1703-10=,Iceland-N of,Tjornes Fracture Zone,66.3,-17.1
1703-09=,Iceland,Theistareykjarbunga,65.88,-16.83
1703-08=,Iceland-NE,Krafla,65.73,-16.78
1703-07=,Iceland-NE,Fremrinamur,65.43,-16.65
1703-06=,Iceland-NE,Askja,65.03,-16.75
1703-05=,Iceland-NE,Kverkfjoll,64.65,-16.72
1703-04=,Iceland-NE,Tungnafellsjokull,64.73,-17.92
1703-03=,Iceland-NE,Bardarbunga,64.63,-17.53
1703-01=,Iceland-NE,Grimsvotn,64.42,-17.33
1702-19-,Iceland-S,Thordarhyrna,62.27,-17.6
1702-18-,Iceland-NE,Trollagigar,64.43,-18.13
1702-15-,Iceland-NE,Lakagigar,64.42,17.33
1702-10-,Iceland-S,Lambafit,64.08,-19.4
1702-09-,Iceland-S,Krakagiger,63.98,-19.7
1702-08-,Iceland-S,Mundafell,63.98,-19.7
1702-07=,Iceland-S,Hekla,63.98,-19.7
1702-05=,Iceland-S,Torfajokull,63.92,-19.17
1702-04=,Iceland-S,Tindfjallajokull,63.78,-19.57
1702-03=,Iceland-S,Katla,63.63,-19.05
1702-02=,Iceland-S,Eyjafjallajokull,63.63,-19.62
1702-01=,Iceland-S,Vestmannaeyjar,63.43,-20.28
1701-051,Iceland-S,Hromundartindur,64.073,-21.202
1701-17-,Iceland-SW,Kristnitokugigar,63.98,-21.42
1701-09=,Iceland-SW,Hofsjokull,64.78,-18.92
1701-08=,Iceland-SW,Langjokull,64.75,-19.98
1701-07=,Iceland-SW,Prestahnukur,64.6,-20.58
1701-06=,Iceland-SW,Grimsnes,64.03,-20.87
1701-05=,Iceland-SW,Hengill,64.18,-21.33
1701-04=,Iceland-SW,Brennisteinsfjoll,63.92,-21.83
1701-03=,Iceland-SW,Krisuvik,63.93,-22.1
1701-02=,Iceland-SW,Reykjanes,63.88,-22.5
1701-01=,Iceland-SW,Reykjaneshryggur,63.67,-23.33
1700-03=,Iceland-W,Ljosufjoll,64.87,-22.23
1700-02=,Iceland-W,Lysuholl,64.87,-23.25
1700-01=,Iceland-W,Snaefellsjokull,64.8,-23.78
1600-101,W Indies,"Watt, Morne",15.307,-61.305
1600-21-,Trinidad,Piparo,10,-61
1600-17=,W Indies,St. Catherine,12.15,-61.67
1600-16=,W Indies,Kick-'em-Jenny,12.3,-61.63
1600-15=,W Indies,Soufriere St. Vincent,13.33,-61.18
1600-14=,W Indies,Qualibou,13.83,-61.05
1600-12=,W Indies,Pelee,14.82,-61.17
1600-11=,W Indies,"Patates, Morne",15.22,-61.37
1600-10=,W Indies,Micotrin,15.33,-61.33
1600-09=,W Indies,"Diablotins, Morne",15.5,-61.42
1600-08=,W Indies,"Diable, Morne Au",15.62,-61.45
1600-07=,W Indies,Unnamed,16.13,-61.28
1600-06=,W Indies,Soufriere Guadeloupe,16.05,-61.67
1600-05=,W Indies,Soufriere Hills,16.72,-62.18
1600-04=,W Indies,Nevis Peak,17.15,-62.58
1600-03=,W Indies,Liamuiga,17.37,-62.8
1600-02=,W Indies,"Quill, The",17.48,-62.95
1600-01=,W Indies,Saba,17.63,-63.23
1508-063,Chile-S,Reclus,-50.98,-73.7
1508-062,Chile-S,Aguilera,-50.17,-73.83
1508-061,Argentina,"Viedma, Volcan",-49.358,-73.28
1508-059,Chile-S,Arenales,-47.2,-73.483
1508-058,Chile-S,Río Murta,-46.167,-72.667
1508-057,Chile-S,"Hudson, Cerro",-45.9,-72.97
1508-056,Chile-S,Maca,-45.1,-73.2
1508-055,Chile-S,Mentolat,-44.67,-73.08
1508-054,Chile-S,Puyuhuapi,-44.3,-72.53
1508-053,Chile-S,Melimoyu,-44.08,-72.88
1508-052,Chile-S,Palena Volc Group,-43.68,-72.5
1508-051,Chile-S,"Yanteles, Cerro",-43.42,-72.83
1508-050,Chile-S,Yanteles,-43.5,-72.8
1508-041,Chile-S,Chaiten,-42.833,-72.646
1508-025,Chile-S/Argentina,Crater Basalt Volc Field,-42.017,-70.183
1508-024,Argentina,"Volcanico, Cerro",-42.07,-71.65
1508-023,Chile-S,Hornopiren,-41.874,-72.431
1508-022,Chile-S,Yate,-41.755,-72.396
1508-021,Chile-S,Cayute-La Vigueria,-41.25,-72.27
1508-012,Chile-S,Cayutué-La Viguería,-41.25,-72.267
1508-011,Chile-S,Tronador,-41.157,-71.885
1508-09-,Chile-S,"Cook, Isla",-54.95,-70.27
1508-08-,Chile-S,Palei-Aike Volc Field,-52,-70
1508-07=,Chile-S,"Burney, Monte",-52.33,-73.4
1508-06=,Chile-S,Lautaro,-49.02,-73.55
1508-05=,Chile-S,Corcovado,-43.18,-72.8
1508-04=,Chile-S,Minchinmavida,-42.78,-72.43
1508-03=,Chile-S,Huequi,-42.377,-72.578
1508-02=,Chile-S,Calbuco,-41.326,-72.614
1508-01=,Chile-S,Osorno,-41.1,-72.493
1507-153,Chile-C,Antillanca Group,-40.771,-72.153
1507-152,Chile-C,"Pantoja, Cerro",-40.77,-71.95
1507-123,Argentina,Huanquihue Group,-39.87,-71.55
1507-122,Chile-C,Lanin,-39.633,-71.5
1507-121,Chile-C,Quetrupillan,-39.5,-71.7
1507-112,Chile-C,Caburga,-39.2,-71.83
1507-111,Chile-C,Sollipulli,-38.97,-71.52
1507-101,Chile-C,"Chapulul, Cerro",-38.37,-71.08
1507-093,Chile-C,Tolguaca,-38.31,-71.645
1507-092,Chile-C,Tolguaca,-38.31,-71.645
1507-091,Chile-C,Callaqui,-37.92,-71.45
1507-081,Argentina,Trocon,-37.733,-70.9
1507-073,Argentina,Puesto Cortaderas,-37.567,-69.617
1507-072,Argentina,Puesto Cortaderas,-37.55,-69.62
1507-071,Argentina,Tromen,-37.142,-70.03
1507-067,Argentina,Domuyo,-36.63,-70.42
1507-066,Argentina,"Payun Matru, Cerro",-36.42,-69.2
1507-065,Chile-C,"Resago, Volcan",-36.45,-70.92
1507-064,Chile-C,"Blanca, Loma",-36.286,-71.009
1507-063,Chile-C,"Longavi, Nevado de",-36.193,-71.161
1507-062,Chile-C,San Pedro-Pellado,-35.989,-70.849
1507-061,Chile-C,"Maule, Laguna del",-36.02,-70.58
1507-042,Chile-C,Calabozos,-35.558,-70.496
1507-041,Chile-C,Mondaca,-35.464,-70.8
1507-024,Argentina,Risco Plateado,-34.933,-70
1507-023,Argentina,"Atuel, Caldera del",-34.65,-70.05
1507-022,Chile-C,Palomo,-34.608,-70.295
1507-021,Chile-C,Maipo,-34.161,-69.833
1507-16-,Chile-C,Puntiagudo-Cordon Cenizo,-40.969,-72.264
1507-15=,Chile-C,Puyehue,-40.59,-72.117
1507-14=,Chile-C,Carran-Los Venados,-40.35,-72.07
1507-13=,Chile-C,Mocho-Choshuenco,-39.927,-72.027
1507-12=,Chile-C,Villarrica,-39.42,-71.93
1507-11=,Chile-C,Llaima,-38.692,-71.729
1507-10=,Chile-C,Lonquimay,-38.377,-71.58
1507-09=,Chile-C,Copahue,-37.85,-71.17
1507-08=,Chile-C,Antuco,-37.406,-71.349
1507-07=,Chile-C,"Chillan, Nevados de",-36.863,-71.377
1507-06=,Chile-C,"Azul, Cerro [Quizapu]",-35.653,-70.761
1507-05=,Chile-C,Descabezado Grande,-35.58,-70.75
1507-04=,Chile-C,Planchon-Peteroa,-35.24,-70.57
1507-03=,Chile-C,Tinguiririca,-34.814,-70.352
1507-02=,Chile-C,San Jose,-33.782,-69.897
1507-01=,Chile-C,Tupungatito,-33.4,-69.8
1506-011,Chile-Is,Easter Island,-27.15,-109.383
1506-04=,Chile-Is,Unnamed,-33.62,-76.83
1506-03=,Chile-Is,Unnamed,-33.622,-78.78
1506-02=,Chile-Is,Robinson Crusoe,-33.658,-78.85
1506-01=,Chile-Is,San Felix,-26.27,-80.12
1505-161,Argentina,Unnamed,-25.1,-68.267
1505-131,Argentina,Tipas,-27.2,-68.55
1505-125,Chile,"Nevada, Sierra",-26.48,-68.58
1505-124,Argentina,Antofagasta de la Sierra,-26.08,-67.5
1505-123,Argentina,Antofalla,-25.53,-68
1505-122,Chile-N,"Bayo, Cerro",-25.42,-68.58
1505-121,Chile-N,Cordon del Azufre,-25.33,-68.52
1505-112,Chile-N,"Escorial, Cerro",-25.08,-68.37
1505-109,Chile-N,"Negrillar, La",-24.28,-68.6
1505-108,Chile-N,Socompa,-24.4,-68.25
1505-107,Argentina,Aracar,-24.27,-67.77
1505-106,Chile-N,"Negrillar, El",-24.18,-68.25
1505-105,Chile-N,Pular,-24.18,-68.05
1505-104,Chile-N,"Tujle, Cerro",-23.83,-67.95
1505-103,Chile-N,Cordon Chalviri,-23.85,-67.62
1505-102,Chile-N,Cordon de Puntas Negras,-23.75,-67.53
1505-101,Chile-N,Chiliques,-23.58,-67.7
1505-098,Chile-N,Chiliques,-23.583,-67.7
1505-097,Chile-N,"Overo, Cerro",-23.35,-67.67
1505-096,Chile-N,Acamarachi,-23.3,-67.62
1505-095,Chile-N,Colachi,-23.23,-67.65
1505-094,Chile-N,Purico Complex,-23,-67.75
1505-093,Chile-N,Guayaques,-22.88,-67.58
1505-092,Chile-N,Licancabur,-22.83,-67.88
1505-091,Chile-N,Sairecabur,-22.73,-67.88
1505-061,Bolivia,"Yumia, Cerro",-21.5,-67.5
1505-042,Bolivia,Pampa Luxsar,-20.85,-68.2
1505-036,Bolivia,Nuevo Mundo,-19.783,-66.483
1505-035,Bolivia,"Jayu Khota, Laguna",-19.45,-67.417
1505-032,Chile-N,"Pina, Cerro",-19.492,-68.65
1505-021,Bolivia,"Colluma, Cerro",-18.5,-68.07
1505-012,Bolivia,Patilla Pata,-18.05,-69.03
1505-011,Chile-N,Lexone,-17.87,-69.48
1505-22-,Argentina,Tipas,-27.2,-68.55
1505-21-,Argentina,Robledo,-26.767,-67.717
1505-20-,Argentina,Peinado,-26.617,-68.15
1505-19-,Argentina,"Cóndor, Cerro el",-26.617,-68.35
1505-18-,Argentina,Antofagasta de la Sierra,-26.083,-67.5
1505-16-,Argentina,Aracar,-24.25,-67.767
1505-15-,Argentina,"Tuzgle, Cerro",-24.05,-66.483
1505-14-,Chile-N,Copiapo,-27.3,-69.13
1505-13=,Chile-N,"Ojos del Salado, Nevados",-27.12,-68.53
1505-12=,Chile-N,Lastarria,-25.17,-68.5
1505-11=,Chile-N,Llullaillaco,-24.72,-68.53
1505-10=,Chile-N,Lascar,-23.37,-67.73
1505-09=,Chile-N,Putana,-22.57,-67.87
1505-07=,Chile-N,San Pedro,-21.88,-68.4
1505-06=,Chile-N,Ollague,-21.3,-68.18
1505-05=,Chile-N,Olca-Paruma,-20.93,-68.48
1505-04=,Chile-N,Irruputuncu,-20.73,-68.55
1505-03=,Chile-N,Isluga,-19.15,-68.83
1505-02=,Chile-N,Guallatiri,-18.42,-69.17
1505-01=,Chile-N,Tacora,-17.72,-69.77
1504-031,Peru,Ticsani,-16.755,-70.595
1504-008,Peru,"Nicholson, Cerro",-16.258,-71.753
1504-007,Peru,"Chachani, Nevado",-16.191,-71.53
1504-006,Peru,Sabancaya,-15.783,-71.85
1504-005,Peru,"Chachani, Nevado",-16.191,-71.53
1504-004,Peru,Quimsachata,-14.37,-71.17
1504-003,Peru,Sabancaya,-15.78,-71.85
1504-002,Peru,Andahua Valley,-15.42,-72.33
1504-001,Peru,Coropuna,-15.52,-72.65
1504-06-,Peru,"Casiri, Nevados",-17.47,-69.82
1504-05-,Peru,Yucamane,-17.18,-70.2
1504-04=,Peru,Tutupaca,-17.025,-70.358
1504-03=,Peru,Huaynaputina,-16.608,-70.85
1504-02=,Peru,Ubinas,-16.355,-70.903
1504-01=,Peru,"Misti, El",-16.294,-71.409
1504-00-,Peru,"Firura, Nevados",-15.23,-72.63
1503-091,Galapagos,Santa Cruz,-0.62,-90.33
1503-081,Galapagos,Genovesa,0.32,-89.958
1503-011,Galapagos,"Ecuador, Volcan",-0.02,-91.546
1503-12-,Galapagos,San Cristobal,-0.88,-89.5
1503-09=,Galapagos,Santiago,-0.22,-90.77
1503-08=,Galapagos,Marchena,0.33,-90.47
1503-07=,Galapagos,Pinta,0.58,-90.75
1503-06=,Galapagos,"Azul, Cerro",-0.9,-91.42
1503-05=,Galapagos,"Negra, Sierra",-0.83,-91.17
1503-04=,Galapagos,"Alcedo, Volcan",-0.43,-91.12
1503-03=,Galapagos,"Darwin, Volcan",-0.18,-91.28
1503-02=,Galapagos,"Wolf, Volcan",0.02,-91.35
1503-01=,Galapagos,Fernandina,-0.37,-91.55
1502-081,Ecuador,Tulabug,-1.78,-78.613
1502-071,Ecuador,Chimborazo,-1.464,-78.815
1502-041,Ecuador,Illiniza,-0.659,-78.714
1502-022,Ecuador,Chacana,-0.375,-78.25
1502-021,Ecuador,Atacazo,-0.353,-78.617
1502-011,Ecuador,Pululagua,0.038,-78.463
1502-006,Ecuador,Cayambe,0.029,-77.986
1502-005,Ecuador,Mojanda,0.133,-78.267
1502-004,Ecuador,Cayambe,0.029,-77.986
1502-003,Ecuador,Mojanda,0.13,-78.27
1502-002,Ecuador,Cuicocha,0.308,-78.364
1502-001,Ecuador,Soche,0.552,-77.58
1502-09=,Ecuador,Sangay,-2.03,-78.33
1502-08=,Ecuador,Tungurahua,-1.467,-78.442
1502-06=,Ecuador,Quilotoa,-0.85,-78.9
1502-05=,Ecuador,Cotopaxi,-0.677,-78.436
1502-04=,Ecuador,Sumaco,-0.538,-77.626
1502-03=,Ecuador,Antisana,-0.481,-78.141
1502-02=,Ecuador,Guagua Pichincha,-0.171,-78.598
1502-01=,Ecuador,Reventador,-0.078,-77.656
1501-062,Colombia,Petacas,1.57,-76.78
1501-061,Colombia,Sotara,2.12,-76.58
1501-021,Colombia,Santa Isabel,4.82,-75.37
1501-012,Colombia,"Bravo, Cerro",5.092,-75.3
1501-011,Colombia,"Bravo, Cerro",5.092,-75.3
1501-11=,Colombia,"Negro de Mayasquer, Cerro",0.828,-77.964
1501-10=,Colombia,Cumbal,0.98,-77.88
1501-09=,Colombia,"Azufral, Volcan",1.08,-77.68
1501-08=,Colombia,Galeras,1.22,-77.37
1501-07=,Colombia,Dona Juana,1.47,-76.92
1501-06=,Colombia,Purace,2.32,-76.4
1501-05=,Colombia,Huila,2.92,-76.05
1501-04=,Colombia,"Machin, Cerro",4.48,-75.4
1501-03=,Colombia,Tolima,4.67,-75.33
1501-02=,Colombia,Ruiz,4.895,-75.322
1406-03-,Panama,"Valle, El",8.583,-80.167
1406-01-,Panama,Baru,8.8,-82.558
1405-034,Costa Rica,Platanar,10.3,-84.366
1405-033,Costa Rica,Arenal,10.463,-84.703
1405-031,Costa Rica,Tenorio,10.673,-85.015
1405-07=,Costa Rica,Turrialba,10.03,-83.77
1405-06=,Costa Rica,Irazu,9.979,-83.852
1405-05=,Costa Rica,Barva,10.135,-84.1
1405-04=,Costa Rica,Poas,10.2,-84.233
1405-03=,Costa Rica,Miravalles,10.748,-85.153
1405-02=,Costa Rica,Rincon de la Vieja,10.83,-85.324
1405-01=,Costa Rica,Orosi,10.98,-85.473
1404-133,Nicaragua,"Lajas, Las",12.3,-85.73
1404-132,Nicaragua,"Ciguatepe, Cerro El",12.53,-86.142
1404-131,Nicaragua,Esteli,13.17,-86.4
1404-111,Nicaragua,Zapatera,11.73,-85.82
1404-101,Nicaragua,"Joya, La",11.92,-85.98
1404-092,Nicaragua,Nejapa-Miraflores,12.12,-86.32
1404-091,Nicaragua,Apoyeque,12.242,-86.342
1404-14-,Nicaragua,"Azul, Volcan",12.53,-83.87
1404-13-,Nicaragua,Maderas,11.446,-85.515
1404-12=,Nicaragua,Concepcion,11.538,-85.622
1404-11=,Nicaragua,Mombacho,11.826,-85.968
1404-10=,Nicaragua,Masaya,11.984,-86.161
1404-09=,Nicaragua,Momotombo,12.422,-86.54
1404-08=,Nicaragua,"Pilas, Las",12.495,-86.688
1404-07=,Nicaragua,"Negro, Cerro",12.506,-86.702
1404-06-,Nicaragua,Rota,12.55,-86.75
1404-04=,Nicaragua,Telica,12.602,-86.845
1404-02=,Nicaragua,San Cristobal,12.702,-87.004
1404-01=,Nicaragua,Cosiguina,12.98,-87.57
1403-101,El Salvador,"Aramuaca, Laguna",13.428,-88.105
1403-082,El Salvador,"Tigre, El",13.467,-88.433
1403-081,El Salvador,Usulutan,13.419,-88.471
1403-072,El Salvador,Taburete,13.435,-88.532
1403-071,El Salvador,Apastepeque Field,13.72,-88.77
1403-052,El Salvador,Guazapa,13.9,-89.12
1403-051,El Salvador,"Cinotepec, Cerro",14.02,-89.25
1403-041,El Salvador,Coatepeque Caldera,13.87,-89.55
1403-002,El Salvador,"Singuil, Cerro",14.03,-89.7
1403-001,El Salvador,San Diego,14.27,-89.48
1403-16-,Honduras,Utila Island,16.1,-86.9
1403-15-,Honduras,"Yojoa, Lake",14.98,-87.98
1403-14-,Honduras,"Zacate Grande, Isla",13.33,-87.63
1403-13-,Honduras,"Tigre, Isla El",13.27,-87.63
1403-12=,El Salvador,Conchaguita,13.22,-87.765
1403-11=,El Salvador,Conchagua,13.277,-87.853
1403-10=,El Salvador,San Miguel,13.431,-88.272
1403-09=,El Salvador,Chinameca,13.475,-88.32
1403-08=,El Salvador,Tecapa,13.494,-88.502
1403-07=,El Salvador,San Vicente,13.623,-88.852
1403-06=,El Salvador,Ilopango,13.672,-89.053
1403-05=,El Salvador,San Salvador,13.736,-89.286
1403-04=,El Salvador,San Marcelino,13.853,-89.63
1403-03=,El Salvador,Izalco,13.813,-89.633
1403-02=,El Salvador,Santa Ana,13.853,-89.63
1403-01=,El Salvador,Apaneca Range,13.891,-89.786
1402-141,Guatemala,Tahual,14.433,-89.9
1402-121,Guatemala,Cuilapa-Barbarena,14.33,-90.4
1402-111,Guatemala,Cuilapa-Barbarena,14.333,-90.4
1402-21-,Guatemala,Quezaltepeque,14.65,-89.35
1402-20-,Guatemala,Chiquimula Volc Field,14.83,-89.55
1402-19-,Guatemala,Ipala Volc Field,14.55,-89.63
1402-18-,Guatemala,Ixtepeque,14.42,-89.68
1402-17-,Guatemala,Suchitan Volc Field,14.4,-89.78
1402-16-,Guatemala,"Santiago, Cerro",14.33,-89.87
1402-15-,Guatemala,Chingo Volc Field,14.12,-89.73
1402-14-,Guatemala,Flores,14.3,-90
1402-13-,Guatemala,Moyuta,14.03,-90.1
1402-12=,Guatemala,Tecuamburro,14.156,-90.407
1402-11=,Guatemala,Pacaya,14.381,-90.601
1402-10=,Guatemala,Agua,14.465,-90.743
1402-09=,Guatemala,Fuego,14.473,-90.88
1402-08=,Guatemala,Acatenango,14.501,-90.876
1402-07=,Guatemala,Toliman,14.612,-91.189
1402-06=,Guatemala,Atitlan,14.583,-91.186
1402-04=,Guatemala,Almolonga,14.82,-91.48
1402-03=,Guatemala,Santa Maria,14.756,-91.552
1402-02=,Guatemala,Tajumulco,15.034,-91.903
1401-098,Mexico,"Cumbres, Las",19.15,-97.27
1401-097,Mexico,"Gloria, La",19.33,-97.25
1401-096,Mexico,Cofre de Perote,19.492,-97.15
1401-095,Mexico,Naolinco Volc Field,19.67,-96.75
1401-094,Mexico,"Atlixcos, Cerro Los",19.809,-96.526
1401-093,Mexico,"Humeros, Los",19.68,-97.45
1401-092,Mexico,Serdan-Oriental,19.27,-97.47
1401-091,Mexico,"Malinche, La",19.23,-98.03
1401-082,Mexico,Iztaccihuatl,19.179,-98.642
1401-081,Mexico,Papayo,19.308,-98.7
1401-062,Mexico,Jocotitlan,19.733,-99.758
1401-061,Mexico,Jocotitlan,19.724,-99.757
1401-031,Mexico,Mascota Volc Field,20.62,-104.83
1401-024,Mexico,Sangangüey,21.45,-104.733
1401-023,Mexico,Sanganguey,21.45,-104.73
1401-022,Mexico,Durango Volc Field,24.15,-104.45
1401-021,Mexico-Is,Socorro,18.78,-110.95
1401-012,Mexico,Comondu-La Purisima,26,-111.92
1401-011,Mexico,"Tortuga, Isla",27.392,-111.858
1401-008,Mexico,Unnamed,28,-115
1401-007,Mexico,San Borja Volc Field,28.5,-113.75
1401-006,Mexico,Guadalupe,29.07,-118.28
1401-005,Mexico,Coronado,29.08,-113.513
1401-004,Mexico,Jaraguay Volc Field,29.33,-114.5
1401-003,Mexico,"San Luis, Isla",29.814,-114.384
1401-002,Mexico,San Quintin Volc Field,30.468,-115.996
1401-001,Mexico,Pinacate,31.772,-113.498
1401-13=,Mexico,Tacana,15.13,-92.112
1401-12=,Mexico,"Chichon, El",17.36,-93.228
1401-11=,Mexico,San Martin,18.572,-95.169
1401-10=,Mexico,"Orizaba, Pico de",19.03,-97.268
1401-09=,Mexico,Popocatepetl,19.023,-98.622
1401-08=,Mexico,Chichinautzin,19.08,-99.13
1401-07-,Mexico,"Toluca, Nevado de",19.108,-99.758
1401-06=,Mexico,Michoacan-Guanajuato,19.48,-102.25
1401-05=,Mexico,Paricutin Volcanic Field,19.48,-102.25
1401-04=,Mexico,Colima,19.514,-103.62
1401-03=,Mexico,Ceboruco,21.125,-104.508
1401-02=,Mexico-Is,Barcena,19.3,-110.82
1401-01=,Mexico,Tres Virgenes,27.47,-112.591
1401-00-,Mexico,"Prieto, Cerro",32.418,-115.305
1305-03-,Pacific-S,Unnamed,-55.967,-143.167
1305-02-,Pacific-S,Unnamed,-53.9,-140.3
1305-01-,Pacific-S,Antipodes Island,-49.683,178.767
1304-021,Pacific-E,Northern EPR-Segment RO3,15.833,-105.433
1304-14-,Pacific-E,Southern EPR-Segment I,-18.533,-113.417
1304-13-,Pacific-E,Southern EPR-Segment J,-18.175,-113.35
1304-12-,Pacific-E,Southern EPR-Segment K,-17.436,-113.206
1304-10-,Pacific-E,Unnamed,-8.267,-107.95
1304-07-,Pacific-E,Galapagos Rift,0.792,-86.15
1304-05-,Pacific-E,Unnamed,9.833,-104.3
1304-04-,Pacific-E,Unnamed,10.733,-103.583
1304-02-,Pacific-S,Unnamed,-53.9,-140.3
1303-08-,Austral Is-C Pacific,Macdonald,-28.98,-140.25
1303-06-,Society Is-C Pacific,Mehetia,-17.87,-148.07
1303-05-,Society Is-C Pacific,Moua Pihaa,-18.32,-148.67
1303-04-,Society Is-C Pacific,Rocard,-17.642,-148.6
1303-03-,Society Is-C Pacific,Teahitia,-17.57,-148.85
1303-02-,Pacific-E,Galapagos Rift,0.792,-86.15
1303-01-,Pacific-E,Unnamed,9.82,-104.3
1302-09-,Hawaiian Is,Unnamed,23.58,-163.83
1302-08-,Hawaiian Is,Unnamed,21.75,-158.75
1302-06-,Hawaiian Is,Haleakala,20.708,-156.25
1302-04-,Hawaiian Is,Hualalai,19.692,-155.87
1302-03-,Hawaiian Is,Mauna Kea,19.82,-155.47
1302-02=,Hawaiian Is,Mauna Loa,19.475,-155.608
1302-01-,Hawaiian Is,Kilauea,19.425,-155.292
1302-00-,Hawaiian Is,Loihi,18.92,-155.27
1301-031,Pacific-NE,North Gorda Ridge,42.667,-126.783
1301-021,Pacific-NE,North Gorda Ridge,42.67,-126.78
1301-011,Pacific-NE,Axial Seamount,45.95,-130
1301-05-,Pacific-NE,Unnamed,31.75,-124.25
1301-04-,Pacific-NE,Escanaba Segment,40.983,-127.5
1301-03-,Pacific-NE,Unnamed,31.75,-124.25
1301-02-,Pacific-NE,Cleft Segment,44.83,-130.3
1301-01-,Pacific-NE,Endeavour Ridge,47.95,-129.1
1210-02-,US-New Mexico,Zuni-Bandera,34.8,-108
1210-01-,US-New Mexico,Carrizozo,33.78,-105.93
1209-02-,US-Arizona,Sunset Crater,35.37,-111.5
1209-01-,US-Arizona,Uinkaret Field,36.38,-113.13
1208-01-,US-Colorado,Dotsero,39.65,-107.03
1207-05-,US-Utah,Black Rock Desert,38.97,-112.5
1207-04-,US-Utah,Markagunt Plateau,37.58,-112.67
1207-03-,US-Utah,Bald Knoll,37.328,-112.408
1207-01-,US-Utah,Santa Clara,37.257,-113.625
1206-01-,US-Nevada,Steamboat Springs,39.375,-119.72
1205-01-,US-Wyoming,Yellowstone,44.43,-110.67
1204-04-,US-Idaho,Hell's Half Acre,43.5,-112.45
1204-03-,US-Idaho,Wapi Lava Field,42.88,-113.22
1204-02-,US-Idaho,Craters of the Moon,43.42,-113.5
1204-01-,US-Idaho,Shoshone Lava Field,43.07,-114.43
1203-20-,US-California,Amboy,34.55,-115.78
1203-19-,US-California,Lavic Lake,34.75,-116.625
1203-18-,US-California,Coso Volc Field,36.03,-117.82
1203-17-,US-California,Golden Trout Creek,36.358,-118.32
1203-16-,US-California,Ubehebe Craters,37.02,-117.45
1203-15-,US-California,Red Cones,37.58,-119.05
1203-13-,US-California,Inyo Craters,37.692,-119.02
1203-12-,US-California,Mono Craters,37.88,-119
1203-11-,US-California,Mono Lake Volc Field,38,-119.03
1203-10-,US-California,Clear Lake,38.97,-122.77
1203-09-,US-California,Eagle Lake Field,40.63,-120.83
1203-08-,US-California,Lassen Volc Center,40.492,-121.508
1203-06-,US-California,Tumble Buttes,40.68,-121.55
1203-05-,US-California,Twin Buttes,40.78,-121.6
1203-04-,US-California,Big Cave,40.955,-121.365
1203-03-,US-California,Brushy Butte,41.178,-121.443
1203-02-,US-California,Medicine Lake,41.58,-121.57
1203-01-,US-California,Shasta,41.42,-122.2
1202-19-,US-Oregon,Jordan Craters,43.03,-117.42
1202-17-,US-Oregon,Diamond Craters,43.1,-118.75
1202-16-,US-Oregon,Crater Lake,42.93,-122.12
1202-15-,US-Oregon,Cinnamon Butte,43.241,-122.108
1202-14-,US-Oregon,Four Craters Lava Field,43.361,-120.669
1202-13-,US-Oregon,Squaw Ridge Field,43.472,-120.754
1202-12-,US-Oregon,Devils Garden,43.512,-120.861
1202-11-,US-Oregon,Newberry Volcano,43.722,-121.229
1202-10-,US-Oregon,Davis Lake,43.57,-121.82
1202-09-,US-Oregon,Bachelor,43.979,-121.688
1202-08-,US-Oregon,South Sister,44.1,-121.77
1202-07-,US-Oregon,North Sister Field,44.17,-121.77
1202-06-,US-Oregon,Belknap,44.285,-121.841
1202-04-,US-Oregon,Sand Mountain Field,44.38,-121.93
1202-03-,US-Oregon,Blue Lake Crater,44.42,-121.77
1202-02-,US-Oregon,Jefferson,44.692,-121.8
1202-01-,US-Oregon,Hood,45.374,-121.694
1201-07-,US-Washington,Indian Heaven,45.93,-121.82
1201-06-,US-Washington,West Crater,45.88,-122.08
1201-05-,US-Washington,St. Helens,46.2,-122.18
1201-04-,US-Washington,Adams,46.206,-121.49
1201-03-,US-Washington,Rainier,46.87,-121.758
1201-02-,US-Washington,Glacier Peak,48.112,-121.113
1201-01=,US-Washington,Baker,48.786,-121.82
1200-031,Canada,Tuya Volc Field,59.367,-130.583
1200-20-,Canada,"Garibaldi, Mt.",49.85,-123
1200-19-,Canada,Garibaldi Lake,49.92,-123.03
1200-18-,Canada,Meager,50.63,-123.5
1200-17-,Canada,Bridge River Cones,50.8,-123.4
1200-16-,Canada,Silverthrone,51.43,-126.3
1200-15-,Canada,Wells Gray-Clearwater,52.33,-120.57
1200-14-,Canada,Nazko,52.9,-123.73
1200-13-,Canada,Satah Mountain,52.47,-124.7
1200-12-,Canada,Milbanke Sound Group,52.5,-128.73
1200-11-,Canada,Crow Lagoon,54.7,-130.23
1200-10-,Canada,Tseax River Cone,55.12,-128.9
1200-09-,Canada,Iskut-Unuk River Cones,56.58,-130.55
1200-08-,Canada,Hoodoo Mountain,56.78,-131.28
1200-07-,Canada,Spectrum Range,57.43,-130.68
1200-06-,Canada,Edziza,57.72,-130.63
1200-05-,Canada,Level Mountain,58.42,-131.35
1200-04-,Canada,Heart Peaks,58.6,-131.97
1200-03-,Canada,Ruby Mountain,59.68,-133.32
1200-02-,Canada,Alligator Lake,60.42,-135.42
1200-01-,Canada,Fort Selkirk,62.93,-137.38
1105-021,Alaska-E,Gordon,62.13,-143.08
1105-001,Alaska-E,Buzzard Creek,64.07,-148.42
1105-07-,Alaska-SE,Behm Canal-Rudyerd Bay,55.32,-131.05
1105-06-,Alaska-SE,Tlevak Strait-Suemez Is.,55.25,-133.3
1105-05-,Alaska-SE,Duncan Canal,56.5,-133.1
1105-04-,Alaska-SE,Edgecumbe,57.05,-135.75
1105-03-,Alaska-E,Bona-Churchill,61.38,-141.75
1105-02-,Alaska-E,Wrangell,62,-144.02
1105-01-,Alaska-E,Sanford,62.22,-144.13
1104-06-,Alaska-W,Nunivak Island,60.02,-166.33
1104-05-,Alaska-W,Ingakslugwat Hills,61.43,-164.47
1104-04-,Alaska-W,St. Michael,63.45,-162.12
1104-03-,Alaska-W,Kookooligit Mountains,63.6,-170.43
1104-02-,Alaska-W,Imuruk Lake,65.6,-163.92
1104-01-,Alaska-W,Espenberg,66.35,-164.33
1103-05-,Alaska-SW,Hayes,61.62,-152.48
1103-04-,Alaska-SW,Spurr,61.3,-152.25
1103-03-,Alaska-SW,Redoubt,60.48,-152.75
1103-02-,Alaska-SW,Iliamna,60.03,-153.08
1103-01-,Alaska-SW,Augustine,59.37,-153.42
1102-132,Alaska Peninsula,Unnamed,57.87,-155.42
1102-131,Alaska Peninsula,Ukinrek Maars,57.83,-156.52
1102-053,Alaska Peninsula,Stepovak Bay 4,55.954,-159.954
1102-052,Alaska Peninsula,Stepovak Bay 3,55.929,-160.002
1102-051,Alaska Peninsula,Unnamed,55.93,-160
1102-011,Alaska Peninsula,Dutton,55.18,-162.27
1102-27-,Alaska Peninsula,Douglas,58.87,-153.55
1102-26-,Alaska Peninsula,Fourpeaked,58.77,-153.68
1102-25-,Alaska Peninsula,Kaguyak,58.62,-154.05
1102-23-,Alaska Peninsula,Kukak,58.47,-154.35
1102-22-,Alaska Peninsula,Steller,58.43,-154.4
1102-21-,Alaska Peninsula,Denison,58.42,-154.45
1102-20-,Alaska Peninsula,Snowy,58.33,-154.68
1102-19-,Alaska Peninsula,Griggs,58.35,-155.1
1102-18-,Alaska Peninsula,Novarupta,58.27,-155.16
1102-17-,Alaska Peninsula,Katmai,58.27,-154.98
1102-16-,Alaska Peninsula,Trident,58.23,-155.08
1102-15-,Alaska Peninsula,Mageik,58.2,-155.25
1102-14-,Alaska Peninsula,Martin,58.17,-155.35
1102-13-,Alaska Peninsula,Ugashik-Peulik,57.75,-156.37
1102-12-,Alaska Peninsula,Kialagvik,57.38,-156.75
1102-11-,Alaska Peninsula,Chiginagak,57.13,-157
1102-10-,Alaska Peninsula,Yantarni,57.02,-157.18
1102-09-,Alaska Peninsula,Aniakchak,56.88,-158.17
1102-08-,Alaska Peninsula,Black Peak,56.53,-158.8
1102-07-,Alaska Peninsula,Veniaminof,56.17,-159.38
1102-06-,Alaska Peninsula,Kupreanof,56.02,-159.8
1102-05-,Alaska Peninsula,Dana,55.62,-161.22
1102-04-,Alaska Peninsula,Pavlof Sister,55.45,-161.87
1102-03-,Alaska Peninsula,Pavlof,55.42,-161.9
1102-02-,Alaska Peninsula,Emmons Lake,55.33,-162.07
1102-01-,Alaska Peninsula,Frosty,55.07,-162.82
1101-241,Aleutian Is,Tana,52.833,-169.767
1101-111,Aleutian Is,Moffett,51.93,-176.75
1101-39-,Aleutian Is,Amak,55.42,-163.15
1101-38-,Aleutian Is,Roundtop,54.8,-163.6
1101-37-,Aleutian Is,Isanotski,54.75,-163.73
1101-36-,Aleutian Is,Shishaldin,54.75,-163.97
1101-35-,Aleutian Is,Fisher,54.67,-164.35
1101-34-,Aleutian Is,Westdahl,54.52,-164.65
1101-32-,Aleutian Is,Akutan,54.13,-165.97
1101-31-,Aleutian Is,Makushin,53.9,-166.93
1101-30-,Aleutian Is,Bogoslof,53.93,-168.03
1101-29-,Aleutian Is,Okmok,53.42,-168.13
1101-28-,Aleutian Is,Recheschnoi,53.15,-168.55
1101-27-,Aleutian Is,Vsevidof,53.13,-168.68
1101-26-,Aleutian Is,Kagamil,52.97,-169.72
1101-25-,Aleutian Is,Uliaga,53.07,-169.77
1101-24-,Aleutian Is,Cleveland,52.82,-169.95
1101-23-,Aleutian Is,Carlisle,52.9,-170.05
1101-22-,Aleutian Is,Herbert,52.75,-170.12
1101-21-,Aleutian Is,Yunaska,52.63,-170.63
1101-20-,Aleutian Is,Chagulak,52.57,-171.13
1101-19-,Aleutian Is,Amukta,52.5,-171.25
1101-18-,Aleutian Is,Seguam,52.32,-172.52
1101-17-,Aleutian Is,Unnamed,52,-173.5
1101-16-,Aleutian Is,Atka,52.38,-174.15
1101-15-,Aleutian Is,Sergief,52.03,-174.93
1101-14-,Aleutian Is,Koniuji,52.22,-175.13
1101-13-,Aleutian Is,Kasatochi,52.18,-175.5
1101-12-,Aleutian Is,Great Sitkin,52.08,-176.13
1101-11-,Aleutian Is,Kanaga,51.92,-177.17
1101-10-,Aleutian Is,Bobrof,51.9,-177.43
1101-09-,Aleutian Is,Takawangha,51.87,-178.02
1101-08-,Aleutian Is,Tanaga,51.88,-178.13
1101-07-,Aleutian Is,Gareloi,51.78,-178.8
1101-06-,Aleutian Is,Semisopochnoi,51.95,179.62
1101-05-,Aleutian Is,Little Sitkin,51.95,178.53
1101-04-,Aleutian Is,Davidof,51.97,178.33
1101-03-,Aleutian Is,Segula,52.02,178.13
1101-02-,Aleutian Is,Kiska,52.1,177.6
1101-01-,Aleutian Is,Buldir,52.37,175.98
1006-04-,Korea,Halla,33.37,126.53
1006-03-,Korea,Ulreung,37.5,130.87
1006-02-,Korea,Ch'uga-ryong,38.33,127.33
1006-01-,Korea,Xianjindao,41.33,128
1005-011,China-E,Arshan,47.5,120.7
1005-06-,China-E,Changbaishan,41.98,128.08
1005-05-,China-E,Longgang Group,42.33,126.5
1005-04-,China-E,Jingpohu,44.08,128.83
1005-03-,China-E,Wudalianchi,48.72,126.12
1005-02-,China-E,Keluo Group,49.37,125.92
1005-01-,China-E,Honggeertu,41.47,113
1004-04-,China-W,Unnamed,35.85,91.7
1004-03-,China-W,Kunlun Volc Group,35.52,80.2
1004-02-,China-W,Tianshan Volc Group,42.5,82.5
1004-01-,China-W,Turfan,42.9,89.25
1003-05-,Mongolia,Middle Gobi,45.28,106.7
1003-04-,Mongolia,Dariganga Volc Field,45.33,114
1003-03-,Mongolia,Bus-Obo,47.12,109.08
1003-02-,Mongolia,Khanuy Gol,48.67,102.75
1003-01-,Mongolia,Taryatu-Chulutu,48.17,99.7
1002-07-,Russia-SE,Ulug-Arginsky,52.33,98
1002-06-,Russia-SE,Oka Volc Field,52.7,98.98
1002-05-,Russia-SE,Tunkin Depression,51.5,102.5
1002-04-,Russia-SE,Dgida Basin,50.52,103.25
1002-03-,Russia-SE,Udokan Volc Field,56.18,117.47
1002-01-,Russia-SE,Southern Sikhote-Alin,44.5,135.5
1000-671,Kamchatka,Spokoiny,58.133,160.817
1000-552,Kamchatka,Bliznetsy,57.35,161.367
1000-551,Kamchatka,Kinenin,57.35,160.967
1000-512,Kamchatka,Terpuk,57.2,159.833
1000-511,Kamchatka,Shisheika,57.15,161.083
1000-273,Kamchatka,Cherpuk Group,55.55,157.467
1000-272,Kamchatka,Khangar,54.75,157.38
1000-271,Kamchatka-E of,Piip,55.42,167.33
1000-261,Kamchatka,Ushkovsky,56.105,160.47
1000-251,Kamchatka,Kamen,56.02,160.593
1000-242,Kamchatka,Zimina,55.862,160.603
1000-241,Kamchatka,Udina,55.755,160.527
1000-232,Kamchatka,Unnamed,55.92,161.75
1000-221,Kamchatka,Kolkhozhny,55.07,160.77
1000-201,Kamchatka,Schmidt,54.917,160.633
1000-125,Kamchatka,Akademia Nauk,53.983,159.45
1000-124,Kamchatka,Zavaritsky,53.905,158.385
1000-123,Kamchatka,Akademia Nauk,53.98,159.45
1000-122,Kamchatka,Bakenin,53.905,158.07
1000-121,Kamchatka,Zavaritsky,53.905,158.385
1000-087,Kamchatka,Bolshe-Bannaya,52.9,157.78
1000-086,Kamchatka,Unnamed,52.88,158.3
1000-085,Kamchatka,Unnamed,52.92,158.52
1000-084,Kamchatka,Barkhatnaya Sopka,52.823,158.27
1000-083,Kamchatka,Vilyuchik,52.68,158.3
1000-082,Kamchatka,Tolmachev Dol,52.63,157.58
1000-081,Kamchatka,Unnamed,52.57,157.02
1000-059,Kamchatka,Tundroviy,52.25,157.6
1000-058,Kamchatka,Unnamed,52.33,157.33
1000-057,Kamchatka,Otdelniy,52.22,157.428
1000-056,Kamchatka,Ostanets,52.146,157.322
1000-055,Kamchatka,Olkoviy,52.077,157.477
1000-054,Kamchatka,Piratkovsky,52.113,157.849
1000-053,Kamchatka,Khodutka,52.063,157.703
1000-052,Kamchatka,Plosky Volc Group,52.02,157.53
1000-051,Kamchatka,Ozernoy,51.88,157.38
1000-042,Kamchatka,Belenkaya,51.75,157.27
1000-041,Kamchatka,Kell,51.65,157.35
1000-023,Kamchatka,Kurile Lake,51.45,157.12
1000-022,Kamchatka,Diky Greben,51.43,157
1000-021,Kamchatka,Unnamed,51.6,156.55
1000-001,Kamchatka,Mashkovtsev,51.1,156.72
1000-72-,Kamchatka,Voyampolsky,58.37,160.62
1000-71-,Kamchatka,Iettunup,58.4,161.08
1000-70-,Kamchatka,Severny,58.28,160.87
1000-69-,Kamchatka,Snegovoy,58.2,160.97
1000-68-,Kamchatka,Ostry,58.18,160.82
1000-67-,Kamchatka,Iktunup,58.08,160.77
1000-66-,Kamchatka,Snezhniy,58.02,160.75
1000-65-,Kamchatka,Atlasova,57.97,160.65
1000-64-,Kamchatka,Bely,57.88,160.53
1000-63-,Kamchatka,Plosky,57.83,160.25
1000-62-,Kamchatka,Kaileney,57.8,160.67
1000-61-,Kamchatka,Uka,57.7,160.58
1000-60-,Kamchatka,Alngey,57.7,160.4
1000-59-,Kamchatka,Elovsky,57.53,160.53
1000-58-,Kamchatka,Shishel,57.45,160.37
1000-57-,Kamchatka,Mezhdusopochny,57.47,160.25
1000-56-,Kamchatka,Titila,57.4,160.1
1000-55-,Kamchatka,Tuzovsky,57.32,159.97
1000-54-,Kamchatka,Leutongey,57.3,159.83
1000-53-,Kamchatka,Gorny Institute,57.33,160.2
1000-52-,Kamchatka,Sedankinsky,57.23,160.08
1000-51-,Kamchatka,Fedotych,57.13,160.4
1000-50-,Kamchatka,Kebeney,57.1,159.93
1000-49-,Kamchatka,Bliznets,56.97,159.78
1000-48-,Kamchatka,Zaozerny,56.88,159.95
1000-47-,Kamchatka,Pogranychny,56.85,159.8
1000-46-,Kamchatka,Cherny,56.82,159.67
1000-45-,Kamchatka,Alney-Chashakondzha,56.7,159.65
1000-44-,Kamchatka,Verkhovoy,56.52,159.53
1000-43-,Kamchatka,Unnamed,56.82,158.95
1000-42-,Kamchatka,Eggella,56.57,158.52
1000-41-,Kamchatka,Kekurny,56.4,158.85
1000-40-,Kamchatka,Krainy,56.37,159.03
1000-39-,Kamchatka,Anaun,56.32,158.83
1000-38-,Kamchatka,Geodesistoy,56.33,158.67
1000-37-,Kamchatka,Kulkev,56.37,158.37
1000-36-,Kamchatka,Bolshoi-Kekuknaysky,56.47,157.8
1000-35-,Kamchatka,Uksichan,56.08,158.38
1000-34-,Kamchatka,Romanovka,55.65,158.8
1000-33-,Kamchatka,Kozyrevsky,55.58,158.38
1000-32-,Kamchatka,Akhtang,55.43,158.65
1000-31-,Kamchatka,Plosky,55.2,158.47
1000-30-,Kamchatka,Bolshoi Payalpan,55.88,157.78
1000-29-,Kamchatka,Maly Payalpan,55.82,157.98
1000-28=,Kamchatka,Ichinsky,55.68,157.73
1000-27=,Kamchatka,Shiveluch,56.653,161.36
1000-26=,Kamchatka,Kliuchevskoi,56.057,160.638
1000-25=,Kamchatka,Bezymianny,55.978,160.587
1000-24=,Kamchatka,Tolbachik,55.83,160.33
1000-23=,Kamchatka,Kizimen,55.13,160.32
1000-22=,Kamchatka,Komarov,55.032,160.72
1000-21=,Kamchatka,Gamchen,54.973,160.702
1000-20=,Kamchatka,Kronotsky,54.753,160.527
1000-19=,Kamchatka,Krasheninnikov,54.593,160.273
1000-18=,Kamchatka,Kikhpinych,54.487,160.253
1000-17=,Kamchatka,Uzon,54.5,159.97
1000-16-,Kamchatka,Taunshits,54.53,159.8
1000-15=,Kamchatka,Bolshoi Semiachik,54.32,160.02
1000-14=,Kamchatka,Maly Semiachik,54.13,159.67
1000-13=,Kamchatka,Karymsky,54.05,159.43
1000-12=,Kamchatka,Zhupanovsky,53.59,159.147
1000-11=,Kamchatka,Dzenzursky,53.637,158.922
1000-10=,Kamchatka,Avachinsky,53.255,158.83
1000-09=,Kamchatka,Koryaksky,53.32,158.688
1000-08=,Kamchatka,Opala,52.543,157.335
1000-07=,Kamchatka,Gorely,52.558,158.03
1000-06=,Kamchatka,Mutnovsky,52.453,158.195
1000-05=,Kamchatka,Ksudach,51.8,157.53
1000-04=,Kamchatka,Zheltovsky,51.57,157.323
1000-03=,Kamchatka,Ilyinsky,51.49,157.2
1000-02=,Kamchatka,Koshelev,51.357,156.75
1000-01=,Kamchatka,Kambalny,51.3,156.87
0900-351,Kuril Is,Lomonosov Group,50.25,155.43
0900-331,Kuril Is,Shirinki,50.2,154.98
0900-211,Kuril Is,Srednii,47.6,152.92
0900-191,Kuril Is,Urataman,47.12,152.23
0900-161,Kuril Is,Milne,46.82,151.78
0900-113,Kuril Is,Tri Sestry,45.93,149.92
0900-112,Kuril Is,Rudakov,45.88,149.83
0900-111,Kuril Is,Ivao Group,45.77,149.68
0900-091,Kuril Is,Golets-Tornyi Group,45.25,148.35
0900-061,Kuril Is,Unnamed,45.03,147.208
0900-041,Kuril Is,Lvinaya Past,44.62,147
0900-021,Kuril Is,Smirnov,44.43,146.13
0900-39=,Kuril Is,Alaid,50.858,155.55
0900-38=,Kuril Is,Ebeko,50.68,156.02
0900-37-,Kuril Is,Vernadskii Ridge,50.55,155.97
0900-36=,Kuril Is,Chikurachki,50.325,155.458
0900-35=,Kuril Is,Karpinsky Group,50.13,155.37
0900-34=,Kuril Is,Fuss Peak,50.27,155.25
0900-32=,Kuril Is,Nemo Peak,49.57,154.808
0900-31=,Kuril Is,Tao-Rusyr Caldera,49.35,154.7
0900-30=,Kuril Is,Kharimkotan,49.12,154.508
0900-29=,Kuril Is,Sinarka,48.875,154.175
0900-27=,Kuril Is,Ekarma,48.958,153.93
0900-26=,Kuril Is,Chirinkotan,48.98,153.48
0900-25=,Kuril Is,Raikoke,48.292,153.25
0900-24=,Kuril Is,Sarychev Peak,48.092,153.2
0900-23=,Kuril Is,Unnamed,48.08,153.33
0900-22=,Kuril Is,Rasshua,47.77,153.02
0900-21=,Kuril Is,Ushishur,47.52,152.8
0900-20=,Kuril Is,Ketoi,47.35,152.475
0900-19=,Kuril Is,Prevo Peak,47.02,152.12
0900-18=,Kuril Is,Zavaritzki Caldera,46.925,151.95
0900-17=,Kuril Is,Goriaschaia Sopka,46.83,151.75
0900-16-,Kuril Is,Unnamed,46.47,151.28
0900-15=,Kuril Is,Chirpoi,46.525,150.875
0900-13-,Kuril Is,Unnamed,46.1,150.5
0900-12=,Kuril Is,Kolokol Group,46.042,150.05
0900-11-,Kuril Is,Demon,45.5,148.85
0900-10=,Kuril Is,Medvezhia,45.38,148.83
0900-09=,Kuril Is,Chirip,45.38,147.92
0900-08=,Kuril Is,Baransky,45.1,148.02
0900-07=,Kuril Is,Grozny Group,45.02,147.87
0900-06-,Kuril Is,Bogatyr Ridge,44.83,147.37
0900-05=,Kuril Is,Atsonupuri,44.804,147.13
0900-04=,Kuril Is,Berutarube,44.47,146.93
0900-03=,Kuril Is,Tiatia,44.358,146.27
0900-02=,Kuril Is,Mendeleev,43.98,145.7
0900-01=,Kuril Is,Golovnin,43.85,145.53
0805-082,Hokkaido-Japan,Rausu,44.073,145.125
0805-081,Hokkaido-Japan,Mashu,43.57,144.57
0805-062,Hokkaido-Japan,Shikaribetsu Group,43.28,143.08
0805-061,Japan,Nipesotsu-Upepesanke,43.45,143.03
0805-041,Hokkaido-Japan,Rishiri,45.18,141.25
0805-034,Hokkaido-Japan,Kuttara,42.5,141.18
0805-032,Hokkaido-Japan,Yotei,42.83,140.82
0805-031,Hokkaido-Japan,Niseko,42.88,140.63
0805-011,Hokkaido-Japan,E-san,41.8,141.17
0805-09=,Hokkaido-Japan,Shiretoko-Iwo-zan,44.13,145.17
0805-08=,Hokkaido-Japan,Kutcharo,43.55,144.43
0805-07=,Hokkaido-Japan,Akan,43.38,144.02
0805-06=,Hokkaido-Japan,Daisetsu,43.68,142.88
0805-05=,Hokkaido-Japan,Tokachi,43.42,142.68
0805-04=,Hokkaido-Japan,Shikotsu,42.7,141.33
0805-03=,Hokkaido-Japan,Usu,42.53,140.83
0805-02=,Hokkaido-Japan,Komaga-take,42.07,140.68
0805-01=,Hokkaido-Japan,Oshima-Oshima,41.5,139.37
0804-211,Mariana Is-C Pacific,NW Rota-1,14.601,144.775
0804-202,Mariana Is-C Pacific,Ruby,15.617,145.567
0804-201,Mariana Is-C Pacific,Ruby,15.62,145.57
0804-192,Mariana Is-C Pacific,Sarigan,16.708,145.783
0804-191,Mariana Is-C Pacific,Sarigan,16.708,145.78
0804-143,Mariana Is-C Pacific,Maug Islands,20.017,145.217
0804-142,Mariana Is-C Pacific,Supply Reef,20.13,145.1
0804-141,Mariana Is-C Pacific,Ahyi,20.42,145.03
0804-139,Mariana Is-C Pacific,Unnamed,20.3,143.2
0804-138,Mariana Is-C Pacific,Unnamed,21,142.9
0804-137,Volcano Is-Japan,Daikoku,21.324,144.194
0804-136,Mariana Is-C Pacific,Unnamed,20.3,143.2
0804-135,Mariana Is-C Pacific,Unnamed,21,142.9
0804-134,Volcano Is-Japan,Kasuga,21.77,143.72
0804-133,Volcano Is-Japan,Fukujin,21.925,143.442
0804-132,Volcano Is-Japan,Nikko,23.075,142.308
0804-131,Volcano Is-Japan,Minami-Hiyoshi,23.507,141.905
0804-121,Volcano Is-Japan,Kita-Fukutokutai,24.414,141.419
0804-101,Volcano Is-Japan,Unnamed,26.133,144.483
0804-097,Volcano Is-Japan,Kaikata Seamount,26.667,141
0804-096,Volcano Is-Japan,Nishino-shima,27.274,140.882
0804-095,Izu Is-Japan,Doyo Seamount,27.683,140.8
0804-094,Izu Is-Japan,Mokuyo Seamount,28.317,140.567
0804-093,Volcano Is-Japan,Unnamed,26.13,144.48
0804-091,Izu Is-Japan,Omachi Seamount,29.22,140.8
0804-061,Izu Is-Japan,Myojun Knoll,32.1,139.85
0804-042,Izu Is-Japan,Kurose Hole,33.4,139.683
0804-041,Izu Is-Japan,Kurose Hole,33.4,139.68
0804-011,Izu Is-Japan,To-shima,34.52,139.28
0804-23-,Mariana Is-C Pacific,Seamount X,13.25,144.017
0804-22-,Mariana Is-C Pacific,Forecast Seamount,13.4,143.917
0804-21=,Mariana Is-C Pacific,Esmeralda Bank,15,145.25
0804-20=,Mariana Is-C Pacific,Anatahan,16.35,145.67
0804-19=,Mariana Is-C Pacific,Guguan,17.32,145.85
0804-18=,Mariana Is-C Pacific,Alamagan,17.6,145.83
0804-17=,Mariana Is-C Pacific,Pagan,18.13,145.8
0804-16=,Mariana Is-C Pacific,Agrigan,18.77,145.67
0804-15=,Mariana Is-C Pacific,Asuncion,19.67,145.4
0804-14=,Mariana Is-C Pacific,Farallon de Pajaros,20.53,144.9
0804-13=,Volcano Is-Japan,Fukutoku-okanoba,24.28,141.52
0804-12=,Volcano Is-Japan,Iwo-jima,24.75,141.33
0804-11=,Volcano Is-Japan,Kita-Iwo-jima,25.43,141.23
0804-10=,Volcano Is-Japan,Kaitoku Seamount,26.122,141.102
0804-09=,Izu Is-Japan,Tori-shima,30.48,140.32
0804-08=,Izu Is-Japan,Smith Rock,31.32,140.05
0804-07=,Izu Is-Japan,Bayonnaise Rocks,31.92,139.92
0804-06=,Izu Is-Japan,Aoga-shima,32.45,139.77
0804-05=,Izu Is-Japan,Hachijo-jima,33.13,139.77
0804-04=,Izu Is-Japan,Miyake-jima,34.08,139.53
0804-03=,Izu Is-Japan,Kozu-shima,34.22,139.15
0804-02=,Izu Is-Japan,Nii-jima,34.37,139.27
0804-01=,Izu Is-Japan,Oshima,34.73,139.38
0803-271,Honshu-Japan,Towada,40.47,140.92
0803-262,Honshu-Japan,Megata,39.95,139.73
0803-191,Honshu-Japan,Hijiori,38.6,140.18
0803-151,Honshu-Japan,Numazawa,37.43,139.58
0803-143,Honshu-Japan,Takahara,36.9,139.78
0803-142,Honshu-Japan,Omanago Group,36.78,139.5
0803-141,Honshu-Japan,Nantai,36.77,139.5
0803-131,Honshu-Japan,Hiuchi,36.95,139.28
0803-122,Honshu-Japan,Haruna,36.47,138.88
0803-121,Honshu-Japan,Shiga,36.7,138.52
0803-071,Honshu-Japan,Washiba-Kumonotaira,36.4,137.5
0803-031,Honshu-Japan,Tateshina,36.1,138.3
0803-003,Honshu-Japan,Oki-Dogo,36.17,133.33
0803-002,Honshu-Japan,Sanbe,35.13,132.62
0803-001,Honshu-Japan,Abu,34.5,131.6
0803-29=,Honshu-Japan,Osore-yama,41.32,141.08
0803-28=,Honshu-Japan,Hakkoda Group,40.65,140.88
0803-27=,Honshu-Japan,Iwaki,40.65,140.3
0803-26=,Honshu-Japan,Akita-Yake-yama,39.97,140.77
0803-25=,Honshu-Japan,Hachimantai,39.95,140.85
0803-24=,Honshu-Japan,Iwate,39.85,141
0803-23=,Honshu-Japan,Akita-Komaga-take,39.75,140.8
0803-22=,Honshu-Japan,Chokai,39.08,140.03
0803-21=,Honshu-Japan,Kurikoma,38.95,140.78
0803-20=,Honshu-Japan,Narugo,38.73,140.73
0803-19=,Honshu-Japan,Zao,38.15,140.45
0803-18=,Honshu-Japan,Azuma,37.73,140.25
0803-17=,Honshu-Japan,Adatara,37.62,140.28
0803-16=,Honshu-Japan,Bandai,37.6,140.08
0803-15=,Honshu-Japan,Nasu,37.12,139.97
0803-14=,Honshu-Japan,Nikko-Shirane,36.8,139.38
0803-13=,Honshu-Japan,Akagi,36.53,139.18
0803-12=,Honshu-Japan,Kusatsu-Shirane,36.62,138.55
0803-11=,Honshu-Japan,Asama,36.4,138.53
0803-10=,Honshu-Japan,Myoko,36.88,138.12
0803-09=,Honshu-Japan,Niigata-Yake-yama,36.92,138.03
0803-08=,Honshu-Japan,Tate-yama,36.57,137.6
0803-07=,Honshu-Japan,Yake-dake,36.22,137.58
0803-06=,Honshu-Japan,Norikura,36.12,137.55
0803-05=,Honshu-Japan,Haku-san,36.15,136.78
0803-04=,Honshu-Japan,On-take,35.9,137.48
0803-03=,Honshu-Japan,Fuji,35.35,138.73
0803-02=,Honshu-Japan,Hakone,35.22,139.02
0803-01=,Honshu-Japan,Izu-Tobu,34.92,139.12
0802-091,Kyushu-Japan,Fukue-jima,32.653,128.851
0802-081,Kyushu-Japan,Sumiyoshi-ike,31.768,130.594
0802-043,Ryukyu Is,Kuchino-shima,29.964,129.928
0802-041,Ryukyu Is,Kuchino-shima,29.97,129.93
0802-022,Ryukyu Is,Akuseki-jima,29.461,129.597
0802-021,Ryukyu Is,Akuseki-jima,29.45,129.6
0802-13=,Kyushu-Japan,Tsurumi,33.28,131.43
0802-12=,Kyushu-Japan,Kuju Group,33.08,131.25
0802-11=,Kyushu-Japan,Aso,32.88,131.1
0802-10=,Kyushu-Japan,Unzen,32.75,130.3
0802-09=,Kyushu-Japan,Kirishima,31.93,130.87
0802-08=,Kyushu-Japan,Sakura-jima,31.58,130.67
0802-07=,Kyushu-Japan,Ibusuki Volc Field,31.22,130.57
0802-06=,Ryukyu Is,Kikai,30.78,130.28
0802-05=,Ryukyu Is,Kuchinoerabu-jima,30.43,130.22
0802-04=,Ryukyu Is,Nakano-shima,29.85,129.87
0802-03=,Ryukyu Is,Suwanose-jima,29.53,129.72
0802-02=,Ryukyu Is,Iwo-Tori-shima,27.85,128.25
0802-01=,Ryukyu Is,Iriomote-jima,24.558,124
0801-032,Taiwan,Tatun Group,25.17,121.52
0801-031,Taiwan,Kuei-Shan-Tao,24.85,121.92
0801-011,Taiwan-E of,Unnamed,19.17,132.25
0801-05=,Taiwan-N of,Zengyu,26.18,122.458
0801-04=,Taiwan-N of,Unnamed,25.42,122.33
0801-03=,Taiwan-E of,Unnamed,24,121.83
0801-02=,Taiwan-E of,Unnamed,21.83,121.18
0801-01=,Taiwan-E of,Unnamed,20.93,134.75
0705-001,SE Asia,Hainan Dao,19.7,110.1
0705-11-,China-S,Tengchong,25.32,98.47
0705-10-,SE Asia,Singu Plateau,22.7,95.98
0705-09-,SE Asia,Lower Chindwin,22.28,95.1
0705-08-,SE Asia,Popa,20.87,95.23
0705-07-,SE Asia,Veteran,9.83,109.05
0705-06-,SE Asia,"Cendres, Ile des",10.158,109.014
0705-05-,SE Asia,Bas Dong Nai,10.8,107.2
0705-04-,SE Asia,Haut Dong Nai,11.6,108.2
0705-03-,SE Asia,Toroeng Prong,14.93,108
0705-02-,SE Asia,Cu-Lao Re Group,15.38,109.12
0705-01-,SE Asia,Leizhou Bandao,20.83,109.78
0704-06-,Luzon-N of,Iraya,20.469,122.01
0704-05=,Luzon-N of,Unnamed,20.33,121.75
0704-04=,Luzon-N of,Smith Volcano,19.523,121.94
0704-03=,Luzon-N of,Babuyan Claro,19.523,121.94
0704-02=,Luzon-N of,Didicas,19.077,122.202
0704-01=,Luzon-N of,Camiguin de Babuyanes,18.83,121.86
0703-088,Luzon-Philippines,Ambalatungan Group,17.32,121.1
0703-087,Luzon-Philippines,Patoc,17.147,120.98
0703-086,Luzon-Philippines,Santo Tomas,16.33,120.55
0703-085,Luzon-Philippines,Amorong,15.828,120.805
0703-084,Luzon-Philippines,Arayat,15.2,120.742
0703-083,Luzon-Philippines,Pinatubo,15.13,120.35
0703-082,Luzon-Philippines,Natib,14.705,120.4
0703-081,Luzon-Philippines,Mariveles,14.5,120.5
0703-044,Luzon-Philippines,Malindig,13.24,122.018
0703-042,Luzon-Philippines,Isarog,13.658,123.37
0703-041,Luzon-Philippines,Iriga,13.457,123.457
0703-031,Luzon-Philippines,Masaraga,13.32,123.6
0703-09=,Luzon-Philippines,Cagua,18.222,122.123
0703-08=,Luzon-Philippines,Jalajala,14.35,121.33
0703-07=,Luzon-Philippines,Taal,14.002,120.993
0703-06=,Luzon-Philippines,Maquiling,14.13,121.2
0703-05=,Luzon-Philippines,Banahao,14.07,121.48
0703-04=,Luzon-Philippines,Malinao,13.422,123.597
0703-03=,Luzon-Philippines,Mayon,13.257,123.685
0703-02=,Luzon-Philippines,Pocdol Mountains,13.05,123.958
0703-01=,Luzon-Philippines,Bulusan,12.77,124.05
0702-08=,Philippines-C,Biliran,11.523,124.534
0702-07=,Philippines-C,Mahagnoa,10.872,124.853
0702-05=,Philippines-C,Cabalian,10.287,125.22
0702-04=,Philippines-C,Silay,10.77,123.23
0702-03=,Philippines-C,Mandalagan,10.615,123.22
0702-02=,Philippines-C,Kanlaon,10.412,123.132
0702-01=,Philippines-C,Magaso,9.258,123.175
0701-072,Mindanao-Philippines,Balatocan,8.8,124.92
0701-071,Mindanao-Philippines,Malindang,8.22,123.63
0701-061,Mindanao-Philippines,Kalatungan,7.95,124.8
0701-031,Mindanao-Philippines,Leonard Range,7.393,126.397
0701-011,Mindanao-Philippines,Parker,6.12,124.892
0701-09-,Mindanao-Philippines,Paco,9.593,125.52
0701-08=,Mindanao-Philippines,Camiguin,9.203,124.673
0701-07=,Mindanao-Philippines,Calayo,7.877,125.068
0701-06=,Mindanao-Philippines,Ragang,7.67,124.5
0701-05=,Mindanao-Philippines,Latukan,7.65,124.47
0701-04=,Mindanao-Philippines,Makaturing,7.647,124.32
0701-03=,Mindanao-Philippines,Apo,6.987,125.273
0701-02=,Mindanao-Philippines,Matutum,6.37,125.108
0701-01=,Mindanao-Philippines,Balut,5.4,125.375
0700-01=,Sulu Is-Philippines,Bud Dajo,5.95,121.07
0610-01-,Borneo,Bombalai,4.4,117.88
0608-073,Halmahera-Indonesia,Bibinoi,-0.78,127.72
0608-072,Halmahera-Indonesia,Amasing,-0.55,127.5
0608-071,Halmahera-Indonesia,Tigalalu,0.07,127.42
0608-063,Halmahera-Indonesia,Moti,0.45,127.4
0608-062,Halmahera-Indonesia,Mare,0.57,127.4
0608-061,Halmahera-Indonesia,Tidore,0.65,127.4
0608-052,Halmahera-Indonesia,Hiri,0.88,127.32
0608-051,Halmahera-Indonesia,Jailolo,1.08,127.42
0608-001,Halmahera-Indonesia,Tarakan,1.78,127.792
0608-07=,Halmahera-Indonesia,Makian,0.32,127.4
0608-06=,Halmahera-Indonesia,Gamalama,0.8,127.325
0608-05=,Halmahera-Indonesia,Todoko-Ranu,1.22,127.43
0608-04=,Halmahera-Indonesia,Gamkonora,1.375,127.52
0608-03=,Halmahera-Indonesia,Ibu,1.475,127.642
0608-02-,Halmahera-Indonesia,Tobaru,1.625,127.675
0608-01=,Halmahera-Indonesia,Dukono,1.68,127.88
0607-05=,Sangihe Is-Indonesia,Unnamed,3.97,124.17
0607-04=,Sangihe Is-Indonesia,Awu,3.67,125.5
0607-03=,Sangihe Is-Indonesia,Banua Wuhu,3.138,125.491
0607-02=,Sangihe Is-Indonesia,Karangetang [Api Siau],2.78,125.48
0607-01=,Sangihe Is-Indonesia,Ruang,2.28,125.425
0606-13=,Sulawesi-Indonesia,Tongkoko,1.52,125.2
0606-12=,Sulawesi-Indonesia,Klabat,1.47,125.03
0606-11=,Sulawesi-Indonesia,Mahawu,1.358,124.858
0606-10=,Sulawesi-Indonesia,Lokon-Empung,1.358,124.792
0606-07-,Sulawesi-Indonesia,Tondano Caldera,1.23,124.83
0606-04=,Sulawesi-Indonesia,Sempu,1.142,124.73
0606-03=,Sulawesi-Indonesia,Soputan,1.108,124.725
0606-02=,Sulawesi-Indonesia,Ambang,0.75,124.42
0606-01=,Sulawesi-Indonesia,Colo [Una Una],-0.17,121.608
0605-09=,Banda Sea,Banda Api,-4.525,129.871
0605-08=,Banda Sea,Manuk,-5.53,130.292
0605-07=,Banda Sea,Serua,-6.3,130
0605-06=,Banda Sea,Nila,-6.73,129.5
0605-05=,Banda Sea,Teon,-6.92,129.125
0605-04=,Banda Sea,Wurlali,-7.125,128.675
0605-03=,Banda Sea,Gunungapi Wetar,-6.642,126.65
0605-02=,Banda Sea,Nieuwerkerk,-6.6,124.675
0605-01=,Banda Sea,Emperor of China,-6.62,124.22
0604-071,Lesser Sunda Is,Ranakah,-8.62,120.52
0604-001,Lesser Sunda Is,Bratan,-8.28,115.13
0604-28=,Lesser Sunda Is,Yersey,-7.53,123.95
0604-27=,Lesser Sunda Is,Sirung,-8.51,124.148
0604-26=,Lesser Sunda Is,"Tara, Batu",-7.792,123.579
0604-25=,Lesser Sunda Is,Iliwerung,-8.54,123.59
0604-24=,Lesser Sunda Is,Ililabalekan,-8.53,123.42
0604-23=,Lesser Sunda Is,Lewotolo,-8.272,123.505
0604-22=,Lesser Sunda Is,Iliboleng,-8.342,123.258
0604-20=,Lesser Sunda Is,Leroboleng,-8.358,122.842
0604-19=,Lesser Sunda Is,Lewotobi Perempuan,-8.575,122.78
0604-18=,Lesser Sunda Is,Lewotobi,-8.53,122.775
0604-17=,Lesser Sunda Is,Ilimuda,-8.478,122.671
0604-16=,Lesser Sunda Is,Egon,-8.67,122.45
0604-15=,Lesser Sunda Is,Paluweh,-8.32,121.708
0604-14=,Lesser Sunda Is,Kelimutu,-8.758,121.83
0604-13=,Lesser Sunda Is,Ndete Napu,-8.72,121.78
0604-12=,Lesser Sunda Is,Sukaria Caldera,-8.792,121.77
0604-11=,Lesser Sunda Is,Iya,-8.88,121.63
0604-10=,Lesser Sunda Is,Ebulobo,-8.808,121.18
0604-09=,Lesser Sunda Is,Inielika,-8.73,120.98
0604-08=,Lesser Sunda Is,Inierie,-8.875,120.95
0604-07=,Lesser Sunda Is,Poco Leok,-8.68,120.48
0604-06=,Lesser Sunda Is,"Sano, Wai",-8.68,120.025
0604-05=,Lesser Sunda Is,Sangeang Api,-8.18,119.058
0604-04=,Lesser Sunda Is,Tambora,-8.25,118
0604-03=,Lesser Sunda Is,Rinjani,-8.42,116.47
0604-02=,Lesser Sunda Is,Agung,-8.342,115.508
0604-01=,Lesser Sunda Is,Batur,-8.242,115.375
0603-351,Java,Baluran,-7.85,114.37
0603-321,Java,Lurus,-7.7,113.58
0603-292,Java,Malang Plain,-8.02,112.68
0603-291,Java,Penanggungan,-7.62,112.63
0603-281,Java,Kawi-Butak,-7.92,112.45
0603-251,Java,Muria,-6.617,110.883
0603-231,Java,Telomoyo,-7.37,110.4
0603-131,Java,Tampomas,-6.77,107.95
0603-081,Java,Malabar,-7.13,107.65
0603-35=,Java,Ijen,-8.058,114.242
0603-34=,Java,Raung,-8.125,114.042
0603-33=,Java,Iyang-Argapura,-7.97,113.57
0603-32=,Java,Lamongan,-8,113.342
0603-31=,Java,Tengger Caldera,-7.942,112.95
0603-30=,Java,Semeru,-8.108,112.92
0603-29=,Java,Arjuno-Welirang,-7.725,112.58
0603-28=,Java,Kelut,-7.93,112.308
0603-27=,Java,Wilis,-7.808,111.758
0603-26=,Java,Lawu,-7.625,111.192
0603-25=,Java,Merapi,-7.542,110.442
0603-24=,Java,Merbabu,-7.45,110.43
0603-23=,Java,Ungaran,-7.18,110.33
0603-22=,Java,Sumbing,-7.38,110.058
0603-21=,Java,Sundoro,-7.3,109.992
0603-20=,Java,Dieng Volc Complex,-7.2,109.92
0603-18=,Java,Slamet,-7.242,109.208
0603-17=,Java,Cereme,-6.892,108.4
0603-16=,Java,"Karaha, Kawah",-7.12,108.08
0603-15=,Java,Talagabodas,-7.208,108.07
0603-14=,Java,Galunggung,-7.25,108.05
0603-13=,Java,Guntur,-7.13,107.83
0603-11=,Java,Kendang,-7.23,107.72
0603-10=,Java,Papandayan,-7.32,107.73
0603-09=,Java,Tangkubanparahu,-6.77,107.6
0603-08=,Java,Wayang-Windu,-7.208,107.63
0603-07=,Java,Patuha,-7.15,107.37
0603-06=,Java,Gede,-6.78,106.98
0603-05=,Java,Salak,-6.72,106.73
0603-04=,Java,Perbakti,-6.75,106.68
0603-03=,Java,Kiaraberes-Gagak,-6.73,106.65
0603-02=,Java,Karang,-6.27,106.042
0603-01=,Java,Danau Complex,-6.2,105.97
0602-00=,Indonesia,Krakatau,-6.102,105.423
0601-251,Sumatra,Ranau,-4.83,103.92
0601-231,Sumatra,Patah,-4.27,103.3
0601-191,Sumatra,Pendan,-2.82,102.02
0601-172,Sumatra,Hutapanjang,-2.333,101.6
0601-171,Sumatra,Hutapanjang,-2.33,101.6
0601-131,Sumatra,Sarik-Gajah,0.08,100.2
0601-121,Sumatra,Malintang,0.467,99.667
0601-111,Sumatra,Lubukraya,1.478,99.209
0601-101,Sumatra,Imun,2.15,98.93
0601-29=,Sumatra,Rajabasa,-5.78,105.625
0601-28=,Sumatra,Hulubelu,-5.35,104.6
0601-27=,Sumatra,Suoh,-5.25,104.27
0601-26=,Sumatra,Sekincau Belirang,-5.12,104.32
0601-25=,Sumatra,Besar,-4.43,103.67
0601-24=,Sumatra,"Lumut Balai, Bukit",-4.22,103.62
0601-23=,Sumatra,Dempo,-4.03,103.13
0601-22=,Sumatra,Kaba,-3.52,102.62
0601-21=,Sumatra,"Daun, Bukit",-3.38,102.37
0601-20=,Sumatra,Belirang-Beriti,-2.82,102.18
0601-18=,Sumatra,Sumbing,-2.414,101.728
0601-17=,Sumatra,Kerinci,-1.814,101.264
0601-16=,Sumatra,Talang,-0.978,100.679
0601-15=,Sumatra,Tandikat,-0.433,100.317
0601-14=,Sumatra,Marapi,-0.381,100.473
0601-13=,Sumatra,Talakmau,0.079,99.98
0601-12=,Sumatra,Sorikmarapi,0.686,99.539
0601-11=,Sumatra,Sibualbuali,1.556,99.255
0601-09=,Sumatra,Toba,2.58,98.83
0601-08=,Sumatra,Sinabung,3.17,98.392
0601-07=,Sumatra,Sibayak,3.2,98.52
0601-05=,Sumatra,"Telong, Bur Ni",4.77,96.808
0601-03=,Sumatra,Peuet Sague,4.914,96.329
0601-02=,Sumatra,Seulawah Agam,5.448,95.658
0600-001,Andaman Is-Indian O,Narcondum,13.43,94.25
0600-01=,Andaman Is-Indian O,Barren Island,12.292,93.875
0509-01-,Australia,Newer Volcanics Prov,-37.77,142.5
0508-001,SW Pacific,Eastern Gemini Seamount,-20.98,170.28
0508-03-,SW Pacific,Unnamed,-25.78,168.63
0508-02=,SW Pacific,Hunter Island,-22.4,172.05
0508-01=,SW Pacific,Matthew Island,-22.33,171.32
0507-081,Vanuatu-SW Pacific,North Vate,-17.45,168.33
0507-021,Vanuatu-SW Pacific,Mere Lava,-14.45,168.05
0507-001,Vanuatu-SW Pacific,Motlav,-13.67,167.67
0507-11-,Vanuatu-SW Pacific,Aneityum,-20.2,169.83
0507-10=,Vanuatu-SW Pacific,Yasur,-19.52,169.425
0507-09=,Vanuatu-SW Pacific,Traitor's Head,-18.75,169.23
0507-08-,Vanuatu-SW Pacific,Unnamed,-16.992,168.592
0507-07=,Vanuatu-SW Pacific,Kuwae,-16.829,168.536
0507-06=,Vanuatu-SW Pacific,Epi,-16.68,168.37
0507-05=,Vanuatu-SW Pacific,Lopevi,-16.507,168.346
0507-04=,Vanuatu-SW Pacific,Ambrym,-16.25,168.12
0507-03=,Vanuatu-SW Pacific,Aoba,-15.4,167.83
0507-02=,Vanuatu-SW Pacific,Gaua,-14.27,167.5
0507-01=,Vanuatu-SW Pacific,Suretamatai,-13.8,167.47
0506-01=,Santa Cruz Is-SW Pac,Tinakula,-10.38,165.8
0505-062,Solomon Is-SW Pacifi,Gallego,-9.35,159.73
0505-061,Solomon Is-SW Pacifi,Unnamed,-8.92,158.03
0505-053,Solomon Is-SW Pacifi,Coleman Seamount,-8.83,157.17
0505-052,Solomon Is-SW Pacifi,Kana Keoki,-8.75,157.03
0505-021,Bougainville-SW Paci,Takuan Group,-6.442,155.608
0505-011,Bougainville-SW Paci,Billy Mitchell,-6.092,155.225
0505-07=,Solomon Is-SW Pacifi,Savo,-9.13,159.82
0505-06=,Solomon Is-SW Pacifi,Kavachi,-9.02,157.95
0505-05=,Solomon Is-SW Pacifi,Simbo,-8.292,156.52
0505-03=,Bougainville-SW Paci,Loloru,-6.52,155.62
0505-02=,Bougainville-SW Paci,Bagana,-6.14,155.195
0505-01=,Bougainville-SW Paci,Balbi,-5.83,154.98
0505-00-,Bougainville-SW Paci,Tore,-5.83,154.93
0504-02=,New Ireland-SW Pacif,Ambitle,-4.08,153.65
0504-01=,New Ireland-SW Pacif,Lihir,-3.125,152.642
0503-041,D'Entrecasteaux Is,Goodenough,-9.48,150.35
0503-031,New Guinea,Sessagara,-9.48,149.13
0503-021,New Guinea,Managlase Plateau,-9.08,148.33
0503-011,New Guinea,Hydrographers Range,-9,148.37
0503-004,New Guinea,Madilogo,-9.2,147.57
0503-003,New Guinea,Koranga,-7.33,146.708
0503-002,New Guinea,Yelia,-7.05,145.858
0503-001,New Guinea,Crater Mountain,-6.58,145.08
0503-06=,D'Entrecasteaux Is,Dawson Strait Group,-9.62,150.88
0503-05=,D'Entrecasteaux Is,Iamalele,-9.52,150.53
0503-04=,New Guinea,Waiowa,-9.57,149.075
0503-03=,New Guinea,Victory,-9.2,149.07
0503-02=,New Guinea,Musa River,-9.308,148.13
0503-01=,New Guinea,Lamington,-8.95,148.15
0503-00-,New Guinea,Doma Peaks,-5.9,143.15
0502-131,New Britain-SW Pac,Unnamed,-4.75,150.85
0502-071,New Britain-SW Pac,Lolo,-5.47,150.5
0502-021,New Britain-SW Pac,Mundua,-4.63,149.35
0502-001,New Britain-SW Pac,Unnamed,-5.2,148.57
0502-15-,New Britain-SW Pac,Tavui,-4.117,152.2
0502-14=,New Britain-SW Pac,Rabaul,-4.271,152.203
0502-13=,New Britain-SW Pac,Lolobau,-4.92,151.158
0502-12=,New Britain-SW Pac,Ulawun,-5.05,151.33
0502-11=,New Britain-SW Pac,Bamus,-5.2,151.23
0502-10=,New Britain-SW Pac,Hargy,-5.33,151.1
0502-09=,New Britain-SW Pac,Walo,-5.53,150.9
0502-08=,New Britain-SW Pac,Pago,-5.58,150.52
0502-07=,New Britain-SW Pac,Garbuna Group,-5.45,150.03
0502-06=,New Britain-SW Pac,Garua Harbour,-5.269,150.088
0502-05=,New Britain-SW Pac,Bola,-5.15,150.03
0502-04=,New Britain-SW Pac,Dakataua,-5.056,150.108
0502-03=,New Britain-SW Pac,Garove,-4.692,149.5
0502-01=,New Britain-SW Pac,Langila,-5.525,148.42
0501-041,New Guinea-NE of,Yomba,-4.92,146.75
0501-011,New Guinea-NE of,Boisa,-3.994,144.963
0501-002,New Guinea-NE of,Kadovar,-3.62,144.62
0501-001,New Guinea-NE of,Blup Blup,-3.508,144.62
0501-08=,New Guinea-NE of,Sakar,-5.414,148.094
0501-07=,New Guinea-NE of,Ritter Island,-5.52,148.121
0501-06=,New Guinea-NE of,Umboi,-5.589,147.875
0501-05=,New Guinea-NE of,Long Island,-5.358,147.12
0501-04=,New Guinea-NE of,Unnamed,-4.311,146.256
0501-03=,New Guinea-NE of,Karkar,-4.649,145.964
0501-02=,New Guinea-NE of,Manam,-4.1,145.061
0501-01=,New Guinea-NE of,Bam,-3.6,144.85
0500-03-,Admiralty Is-SW Paci,Unnamed,-3.03,147.78
0500-02-,Admiralty Is-SW Paci,Baluan,-2.57,147.28
0500-01=,Admiralty Is-SW Paci,St. Andrew Strait,-2.38,147.35
0405-03-,Fiji Is-SW Pacific,Nabukelevu,-19.117,177.983
0405-02-,Fiji Is-SW Pacific,Koro,-17.32,179.4
0405-01-,Fiji Is-SW Pacific,Taveuni,-16.82,-179.97
0404-001,Samoa-SW Pacific,Ta'u,-14.23,-169.454
0404-05-,SW Pacific,Wallis Islands,-13.3,-176.17
0404-04=,Samoa-SW Pacific,Savai'i,-13.612,-172.525
0404-03-,Samoa-SW Pacific,Upolu,-13.935,-171.72
0404-02-,Samoa-SW Pacific,Tutuila,-14.295,-170.7
0404-01=,Samoa-SW Pacific,Ofu-Olosega,-14.175,-169.618
0404-00-,Samoa-SW Pacific,Unnamed,-14.23,-169.07
0403-102,Tonga-SW Pacific,Curacoa,-15.617,-173.667
0403-101,Tonga-SW Pacific,Curacoa,-15.62,-173.67
0403-091,Tonga-SW Pacific,Unnamed,-18.325,-174.365
0403-061,Tonga-SW Pacific,Kao,-19.667,-175.033
0403-011,Tonga-SW Pacific,Unnamed,-21.15,-175.75
0403-001,Tonga-SW Pacific,Unnamed,-24.8,-177.017
0403-13-,Tonga-SW Pacific,West Mata,-15.1,-173.75
0403-12-,Tonga-SW Pacific,Tafu-Maka,-15.367,-174.233
0403-11=,Tonga-SW Pacific,Niuafo'ou,-15.6,-175.63
0403-10=,Tonga-SW Pacific,Fonualei,-18.02,-174.325
0403-09=,Tonga-SW Pacific,Late,-18.806,-174.65
0403-08=,Tonga-SW Pacific,Home Reef,-18.992,-174.775
0403-07=,Tonga-SW Pacific,Metis Shoal,-19.18,-174.87
0403-06=,Tonga-SW Pacific,Tofua,-19.75,-175.07
0403-05=,Tonga-SW Pacific,Falcon Island,-20.32,-175.42
0403-04=,Tonga-SW Pacific,Hunga Tonga-Hunga Ha'apai,-20.57,-175.38
0403-03=,Tonga-SW Pacific,Unnamed,-20.85,-175.53
0403-02=,Tonga-SW Pacific,Unnamed,-21.07,-175.33
0403-01=,Tonga-SW Pacific,Unnamed,-21.38,-175.65
0402-022,Kermadec Is,Giggenbach,-30.036,-178.713
0402-021,Kermadec Is,Macauley Island,-30.2,-178.47
0402-001,Kermadec Is,Volcano W,-31.85,-179.183
0402-05-,Kermadec Is,Monowai Seamount,-25.887,-177.188
0402-04=,Kermadec Is,Unnamed,-29.18,-177.87
0402-03=,Kermadec Is,Raoul Island,-29.27,-177.92
0402-02=,Kermadec Is,Brimstone Island,-30.23,-178.92
0402-01=,Kermadec Is,Curtis Island,-30.542,-178.561
0401-131,New Zealand,Rumble II West,-35.353,178.527
0401-102,New Zealand,Tangaroa,-36.321,178.028
0401-101,New Zealand,Clark,-36.446,177.839
0401-061,New Zealand,Maroa,-38.42,176.08
0401-021,New Zealand,Mayor Island,-37.28,176.25
0401-011,New Zealand,Whangarei,-35.75,174.27
0401-15-,New Zealand,Brothers,-34.875,179.075
0401-14-,New Zealand,Healy,-35.004,178.973
0401-13-,New Zealand,Rumble III,-35.745,178.478
0401-12-,New Zealand,Rumble IV,-36.13,178.05
0401-11-,New Zealand,Rumble V,-36.139,178.197
0401-10=,New Zealand,Ruapehu,-39.28,175.57
0401-09=,New Zealand,Ngauruhoe,-39.158,175.63
0401-08=,New Zealand,Tongariro,-39.13,175.642
0401-07=,New Zealand,Taupo,-38.82,176
0401-06-,New Zealand,Reporoa,-38.42,176.33
0401-05=,New Zealand,Okataina,-38.12,176.5
0401-04=,New Zealand,White Island,-37.52,177.18
0401-03=,New Zealand,Egmont,-39.3,174.07
0401-02=,New Zealand,Auckland Field,-36.9,174.87
0401-01=,New Zealand,Kaikohe-Bay of Islands,-35.3,173.9
0305-01=,Indian O-E,Unnamed,11.75,80.75
0304-011,Indian O-S,McDonald Islands,-53.03,72.6
0304-002,Indian O-S,St. Paul,-38.72,77.53
0304-001,Indian O-S,Amsterdam Island,-37.83,77.52
0304-07-,Indian O-S,Marion Island,-46.9,37.75
0304-06-,Indian O-S,Prince Edward Island,-46.63,37.95
0304-05-,Indian O-S,"Cochons, Ile Aux",-46.1,50.23
0304-04-,Indian O-S,"Possession, Ile de la",-46.42,51.63
0304-03-,Indian O-S,"Est, Ile de l'",-46.43,52.2
0304-02=,Indian O-S,Kerguelen Islands,-49.58,69.5
0304-01=,Indian O-S,Heard,-53.106,73.513
0304-00-,Indian O.-S,Boomerang Seamount,-37.721,77.825
0303-015,Madagascar,Ankaratra Field,-19.4,47.2
0303-014,Madagascar,Itasy Volc Field,-19,46.77
0303-013,Madagascar,Ankaizina Field,-14.3,48.67
0303-012,Madagascar,Nosy-Be,-13.32,48.48
0303-011,Madagascar,Ambre-Bobaomby,-12.48,49.1
0303-001,Indian O-W,"Grille, La",-11.47,43.33
0303-02=,Indian O-W,"Fournaise, Piton de la",-21.229,55.713
0303-01=,Indian O-W,Karthala,-11.75,43.38
0302-002,Iran,Sabalan,38.25,47.917
0302-001,Iran,Sahand,37.75,46.433
0302-14-,Arabia-S,Ormus Islands,26,57
0302-07-,Afghanistan,Vakak Group,34.25,67.97
0302-06-,Afghanistan,Dacht-I-Navar Group,33.95,67.92
0302-05-,Iran,Taftan,28.6,61.6
0302-04-,Iran,Unnamed,28.17,60.67
0302-03-,Iran,Bazman,28.07,60
0302-02-,Iran,Qal'eh Hasan Ali,29.4,57.57
0302-01-,Iran,Damavand,35.951,52.109
0302-00-,Iran,Unnamed,39.25,45.167
0301-072,Arabia-W,"Birk, Harrat al",18.367,41.633
0301-071,Arabia-W,"Kishb, Harrat",22.8,41.38
0301-001,Arabia-W,"Harrah, Al",31.083,38.417
0301-18-,Arabia-S,Bir Borhut,15.55,50.63
0301-17-,Arabia-S,"Bal Haf, Harra of",14.05,48.33
0301-16-,Arabia-S,"Sawad, Harra Es-",13.58,46.12
0301-15-,Arabia-S,Unnamed,12.25,45
0301-12-,Arabia-S,"Dhamar, Harras of",14.57,44.67
0301-11-,Arabia-S,"Haylan, Jabal",15.43,44.78
0301-10-,Arabia-S,"Marha, Jabal el-",15.28,44.22
0301-09-,Arabia-S,"Arhab, Harra of",15.63,44.08
0301-08-,Arabia-W,"Yar, Jabal",17.05,42.83
0301-07=,Arabia-W,"Rahat, Harrat",23.08,39.78
0301-06=,Arabia-W,"Khaybar, Harrat",25,39.92
0301-05=,Arabia-W,"Ithnayn, Harrat",26.58,40.2
0301-04-,Arabia-W,"Lunayyir, Harrat",25.17,37.75
0301-02=,Arabia-W,"Uwayrid, Harrat",27.08,37.25
0301-01=,Arabia-W,"Rahah, Harrat ar",27.8,36.17
0300-06-,Syria,Unnamed,32.658,36.425
0300-05-,Syria,Es Safa,33.08,37.15
0300-04-,Syria,Unnamed,33.15,36.258
0300-03-,Syria,Unnamed,33.308,36.925
0300-02-,Syria,Unnamed,36.67,37
0300-01-,Syria,Sharat Kovakab,36.53,40.85
0205-021,Africa-N,"Koussi, Emi",19.8,18.53
0205-009,Africa-N,"Toh, Tarso",21.333,16.333
0205-008,Africa-N,Wau-en-Namus,25.05,17.55
0205-007,Africa-N,Haruj,27.25,17.5
0205-006,Africa-N,Manzaz Volc Field,23.917,5.833
0205-005,Africa-N,Atakor Volc Field,23.333,5.833
0205-004,Africa-N,Tahalra Volc Field,22.667,5
0205-003,Africa-N,In Ezzane Volc Field,23,10.833
0205-002,Africa-N,Tin Zaouatene Volc Field,19.833,2.833
0205-001,Africa-N,Todra Volc Field,17.683,8.5
0205-07-,Africa-N,"Umm Arafieb, Jebel",18.17,33.83
0205-06-,Africa-N,Bayuda Volc Field,18.33,32.75
0205-05-,Africa-N,Meidob Volc Field,15.32,26.47
0205-04-,Africa-N,Kutum Volc Field,14.5,25.8
0205-03-,Africa-N,"Marra, Jebel",12.95,24.27
0205-02=,Africa-N,"Voon, Tarso",20.92,17.28
0205-01=,Africa-N,"Tousside, Tarso",21.03,16.45
0204-011,Africa-W,Tombel Graben,4.75,9.667
0204-004,Africa-W,Santa Isabel,3.58,8.75
0204-003,Africa-W,San Joaquin,3.35,8.63
0204-002,Africa-W,San Carlos,3.35,8.52
0204-001,Africa-W,Sao Tome,0.32,6.72
0204-05-,Africa-W,Biu Plateau,10.75,12
0204-04-,Africa-W,Ngaoundere Plateau,7.25,13.67
0204-03-,Africa-W,Oku Volc Field,6.25,10.5
0204-02-,Africa-W,Manengouba,5.03,9.83
0204-01=,Africa-W,"Cameroon, Mt.",4.203,9.17
0203-005,Africa-C,Katunga,-0.47,30.18
0203-004,Africa-C,Bunyaruguru Field,-0.2,30.08
0203-003,Africa-C,Katwe-Kikorongo Field,-0.08,29.92
0203-002,Africa-C,Kyatwa Volc Field,0.45,30.25
0203-001,Africa-C,Fort Portal Field,0.7,30.25
0203-08-,Africa-C,Tshibinda,-2.32,28.75
0203-07-,Africa-C,Bufumbira,-1.23,29.72
0203-06-,Africa-C,Muhavura,-1.38,29.67
0203-05-,Africa-C,Visoke,-1.47,29.492
0203-04-,Africa-C,Karisimbi,-1.5,29.45
0203-03=,Africa-C,Nyiragongo,-1.52,29.25
0203-02=,Africa-C,Nyamuragira,-1.408,29.2
0203-01=,Africa-C,May-ya-moto,-0.93,29.33
0202-166,Africa-E,Rungwe,-9.13,33.67
0202-165,Africa-E,Izumbwe-Mpoli,-8.93,33.4
0202-164,Africa-E,Ngozi,-8.97,33.57
0202-163,Africa-E,SW Usangu Basin,-8.75,33.8
0202-162,Africa-E,Unnamed,-8.63,33.57
0202-161,Africa-E,Igwisi Hills,-4.87,31.92
0202-071,Africa-E,Elmenteita Badlands,-0.52,36.27
0202-056,Africa-E,Nyambeni Hills,0.23,37.87
0202-055,Africa-E,Ol Kokwe,0.63,36.08
0202-054,Africa-E,Korosi,0.77,36.12
0202-053,Africa-E,Paka,0.92,36.18
0202-052,Africa-E,Silali,1.15,36.23
0202-051,Africa-E,Emuruangogolak,1.5,36.33
0202-021,Africa-E,Marsabit,2.32,37.97
0202-001,Africa-E,North Island,4.07,36.05
0202-17=,Africa-E,Kieyo,-9.23,33.78
0202-16=,Africa-E,Meru,-3.25,36.75
0202-15=,Africa-E,Kilimanjaro,-3.07,37.35
0202-13=,Africa-E,Chyulu Hills,-2.68,37.88
0202-12=,Africa-E,"Lengai, Ol Doinyo",-2.751,35.902
0202-11=,Africa-E,Suswa,-1.175,36.35
0202-10=,Africa-E,Longonot,-0.92,36.45
0202-09=,Africa-E,Olkaria,-0.904,36.292
0202-08=,Africa-E,"Eburru, Ol Doinyo",-0.63,36.23
0202-07=,Africa-E,Homa Mountain,-0.38,34.5
0202-06=,Africa-E,Menengai,-0.2,36.07
0202-05-,Africa-E,Segererua Plateau,1.57,37.9
0202-04-,Africa-E,Namarunu,1.9,36.27
0202-03=,Africa-E,"Barrier, The",2.32,36.57
0202-02=,Africa-E,South Island,2.63,36.6
0202-01=,Africa-E,Central Island,3.5,36.042
0201-311,Africa-NE,Unnamed,5.65,37.67
0201-293,Africa-NE,Hobicha Caldera,6.78,37.83
0201-292,Africa-NE,Tepi,7.42,35.43
0201-291,Africa-NE,Bilate River Field,7.07,38.1
0201-252,Africa-NE,Unnamed,7.95,38.93
0201-251,Africa-NE,Unnamed,8.07,39.07
0201-222,Africa-NE,Sodore,8.43,39.35
0201-221,Africa-NE,Unnamed,8.62,38.95
0201-201,Africa-NE,Unnamed,8.7,39.63
0201-191,Africa-NE,Beru,8.95,39.75
0201-172,Africa-NE,Liado Hayk Field,9.57,40.28
0201-171,Africa-NE,Hertali,9.78,40.33
0201-151,Africa-NE,Yangudi,10.58,41.042
0201-141,Africa-NE,Dama Ali,11.28,41.63
0201-126,Africa-NE,Ardoukoba,11.58,42.47
0201-125,Africa-NE,Assab Volc Field,12.95,42.43
0201-124,Africa-NE,Gufa,12.55,42.53
0201-123,Africa-NE,Mousa Alli,12.47,42.4
0201-122,Africa-NE,Manda-Inakir,12.38,42.2
0201-121,Africa-NE,Borawli Complex,11.63,41.45
0201-120,Ethiopia,Manda Gargori,11.75,41.483
0201-116,Africa-NE,Groppo,11.73,40.25
0201-115,Africa-NE,Manda Hararo,12.17,40.82
0201-114,Africa-NE,Dabbayra,12.38,40.07
0201-113,Africa-NE,Dabbahu,12.6,40.48
0201-112,Africa-NE,Alayta,12.88,40.57
0201-111,Africa-NE,Ma Alalta,13.02,40.2
0201-107,Africa-NE,Borawli,13.3,40.98
0201-106,Africa-NE,Tat Ali,13.28,41.07
0201-105,Africa-NE,Mat Ala,13.1,41.15
0201-104,Africa-NE,Asavyo,13.07,41.6
0201-103,Africa-NE,Sorkale,13.18,41.725
0201-102,Africa-NE,Mallahle,13.27,41.65
0201-101,Africa-NE,Nabro,13.37,41.7
0201-091,Africa-NE,Hayli Gubbi,13.5,40.72
0201-071,Africa-NE,Borale Ale,13.725,40.6
0201-041,Africa-NE,Dallol,14.242,40.3
0201-022,Red Sea,Hanish,13.72,42.73
0201-021,Red Sea,Zukur,14.02,42.75
0201-33-,Africa-E,Mega Basalt Field,4.08,37.42
0201-32-,Africa-NE,Korath Range,5.1,35.88
0201-31-,Africa-NE,Tosa Sucha,5.92,37.57
0201-30-,Africa-NE,Chiracha,6.65,38.12
0201-29-,Africa-NE,Corbetti Caldera,7.18,38.43
0201-28-,Africa-NE,Shala,7.47,38.55
0201-27-,Africa-NE,Alutu,7.77,38.78
0201-26-,Africa-NE,Butajiri-Silti Field,8.05,38.35
0201-25-,Africa-NE,Tullu Moje,8.158,39.13
0201-24-,Africa-NE,Bora-Bericcio Complex,8.27,39.03
0201-23-,Africa-NE,Gedamsa Caldera,8.35,39.18
0201-22-,Africa-NE,Bishoftu Volc Field,8.78,38.98
0201-21-,Africa-NE,Boset-Bericha,8.558,39.475
0201-20-,Africa-NE,Kone,8.8,39.692
0201-19=,Africa-NE,Fentale,8.975,39.93
0201-18=,Africa-NE,Dofen,9.35,40.13
0201-17=,Africa-NE,Adwa,10.07,40.84
0201-16=,Africa-NE,Ayelu,10.082,40.702
0201-15=,Africa-NE,Gabillema,11.08,41.27
0201-12=,Africa-NE,Kurub,11.88,41.208
0201-11=,Africa-NE,Afdera,13.08,40.85
0201-10=,Africa-NE,Dubbi,13.58,41.808
0201-09=,Africa-NE,Ale Bagu,13.52,40.63
0201-08=,Africa-NE,Erta Ale,13.6,40.67
0201-07=,Africa-NE,Dalaffilla,13.792,40.55
0201-06=,Africa-NE,Alu,13.82,40.55
0201-05=,Africa-NE,Gada Ale,13.975,40.408
0201-04=,Africa-NE,Alid,14.88,39.92
0201-03=,Africa-NE,Jalua,15.042,39.82
0201-02=,Red Sea,"Zubair, Jebel",15.05,42.18
0201-01=,Red Sea,"Tair, Jebel at",15.7,41.742
0104-10-,Armenia,Tskhouk-Karckar,39.733,46.017
0104-09-,Armenia,Porak,40.017,45.783
0104-08-,Armenia,Dar-Alages,39.7,45.542
0104-07-,Armenia,Agmagan-Karadag,40.275,44.75
0104-06-,Armenia,Aragats,40.55,44.12
0104-05-,Georgia,Unnamed,41.55,43.6
0104-04-,Georgia,Unnamed,42.45,44.25
0104-03-,Georgia,Kabargin Oth Group,42.55,44
0104-02-,Georgia,Kasbek,42.7,44.5
0104-01-,Russia-SW,Elbrus,43.33,42.45
0103-022,Turkey,Girekol,39.17,43.33
0103-021,Turkey,Suphan Dagi,38.92,42.82
0103-011,Turkey,Karacalidag,37.67,39.83
0103-004,Turkey,Acigol-Nevsehir,38.57,34.52
0103-003,Turkey,Gollu Dag,38.25,34.57
0103-002,Turkey,Hasan Dagi,38.13,34.17
0103-001,Turkey,Karapinar Field,37.67,33.65
0103-05-,Turkey,Kars Plateau,40.75,42.9
0103-04-,Turkey,Ararat,39.7,44.28
0103-03=,Turkey,Tenduruk Dagi,39.33,43.83
0103-02=,Turkey,Nemrut Dagi,38.65,42.02
0103-01=,Turkey,Erciyes Dagi,38.52,35.48
0103-00-,Turkey,Kula,38.58,28.52
0102-051,Greece,Yali,36.63,27.1
0102-05=,Greece,Nisyros,36.58,27.18
0102-04=,Greece,Santorini,36.404,25.396
0102-03=,Greece,Milos,36.699,24.439
0102-02=,Greece,Methana,37.615,23.336
0101-071,Italy,Pantelleria,36.77,12.02
0101-042,Italy,Lipari,38.483,14.95
0101-041,Italy,Lipari,38.48,14.95
0101-031,Italy,Palinuro,39.483,14.833
0101-004,Italy,"Albano, Monte",41.73,12.7
0101-003,Italy,Vulsini,42.6,11.93
0101-001,Italy,Larderello,43.25,10.87
0101-07=,Italy,Campi Flegrei Mar Sicilia,37.1,12.7
0101-06=,Italy,Etna,37.734,15.004
0101-05=,Italy,Vulcano,38.404,14.962
0101-04=,Italy,Stromboli,38.789,15.213
0101-03=,Italy,Ischia,40.73,13.897
0101-02=,Italy,Vesuvius,40.821,14.426
0101-01=,Italy,Campi Flegrei,40.827,14.139
0100-04-,Spain,Calatrava Volc Field,38.867,-4.017
0100-03-,Spain,Olot Volc Field,42.17,2.53
0100-02-,France,Chaine des Puys,45.775,2.967
0100-01-,Germany,West Eifel Volc Field,50.17,6.85
